target,proposal,src_id,species,line,v,peak_K,trough_K,sigma_K,snr,trough_snr,peak_v,dv_from_vlsr,v_ok,trough_clean,is_v0,passes_strict
G010.8411-02.5919,2017.1.01079.S,1,KCl,KCl_v1_J14-13,1,0.0010709473863244057,-0.0012667368864640594,0.00045094836968928576,2.3748780532510056,2.809050817362687,37.45141245860048,25.65141245860048,False,False,False,False
G010.8411-02.5919,2017.1.01079.S,1,KCl,KCl_v2_J14-13,2,0.0009465672774240375,-0.001167180365882814,0.0005060253315605223,1.8705926727125217,2.3065650928647536,38.80415783336212,27.004157833362118,False,False,False,False
G015.0357-00.6795,2023.1.01346.S,1,NaCl,NaCl_v0_J20-19,0,0.0023991474881768227,-0.003039637580513954,0.0012253671884536743,1.9579008731287926,2.480593253316795,0.590957162000239,0.0,True,False,True,False
G015.0357-00.6795,2023.1.01346.S,1,NaCl,NaCl_v1_J18-17,1,0.0028356555849313736,-0.003561076708137989,0.0008721015765331686,3.2515198472680726,4.083327910372779,29.757691477276154,0.0,True,False,False,False
G015.0357-00.6795,2023.1.01346.S,1,NaCl,NaCl_v1_J19-18,1,0.002016127109527588,-0.0028060534968972206,0.0013176859356462955,1.5300513232986148,2.129531340501797,6.2928459158248735,0.0,True,False,False,False
G015.0357-00.6795,2023.1.01346.S,1,NaCl,NaCl_v2_J17-16,2,0.0019426097860559821,-0.002892854390665889,0.0011925848666578531,1.6289069569531167,2.425701072975157,27.053438044084935,0.0,True,False,False,False
G015.0357-00.6795,2023.1.01346.S,1,NaCl,NaCl_v2_J19-18,2,0.003336171619594097,-0.0005487801972776651,0.0004480741627048701,7.445579096671794,1.2247530497292396,19.66257558983518,0.0,True,True,False,True
G015.0357-00.6795,2023.1.01346.S,1,NaCl,NaCl_v2_J20-19,2,0.0041038296185433865,-0.00380001706071198,0.0016790329245850444,2.4441626834432717,2.263217716026096,29.586906314462773,0.0,True,False,False,False
G015.0357-00.6795,2023.1.01346.S,1,KCl,KCl_v0_J28-27,0,0.0019358176505193114,-0.003686739131808281,0.0014268659288063645,1.3566920419346666,2.5838020639349057,-2.9553290493692037,0.0,True,False,True,False
G015.0357-00.6795,2023.1.01346.S,1,KCl,KCl_v0_J32-31,0,0.0032454240135848522,-0.0013026439119130373,0.0009711409220471978,3.341867220200534,1.3413541560652391,15.343734942434589,0.0,True,True,True,False
G015.0357-00.6795,2023.1.01346.S,1,KCl,KCl_v1_J30-29,1,0.0053238412365317345,-0.0029884185642004013,0.0020818046759814024,2.5573202414015976,1.4354942126314534,24.93939416759345,0.0,True,False,False,False
G015.0357-00.6795,2023.1.01346.S,1,KCl,KCl_v1_J32-31,1,0.0027738548815250397,-0.002595691941678524,0.0006701347301714122,4.139249551825976,3.8733881782467505,0.6307162809637376,0.0,True,False,False,False
G015.0357-00.6795,2023.1.01346.S,1,KCl,KCl_v1_J34-33,1,0.003474850207567215,-0.0031905979849398136,0.0006657287594862282,5.219618587980047,4.792639553986126,-10.135926688887528,0.0,True,False,False,False
G015.0357-00.6795,2023.1.01346.S,1,KCl,KCl_v2_J32-31,2,0.002086373744532466,-0.003087118500843644,0.0010186040308326483,2.04826770892216,3.0307346205179537,9.637137905113079,0.0,True,False,False,False
G015.0357-00.6795,2023.1.01346.S,1,H2O,H2O_5_15-4_22_232,0,0.0020878168288618326,-0.003077708650380373,0.0011851973831653595,1.761577319117772,2.59678994747744,29.94141297298367,0.0,True,False,True,False
G015.0357-00.6795,2023.1.01346.S,1,H2O,H2O_v2_3_13-2_20_232,2,0.0033052745275199413,-0.003008746076375246,0.0012617770116776228,2.61953934564503,2.3845307439663235,24.73395398538909,0.0,True,False,False,False
G081.6802+00.5405B,2019.1.00263.S,5,NaCl,NaCl_v1_J17-16,1,0.011637404561042786,-0.005524598527699709,0.00449369614943862,2.58971772323694,1.2294107887979644,24.198748634731746,25.211655853021657,False,True,False,False
G081.6802+00.5405B,2019.1.00263.S,5,NaCl,NaCl_v1_J18-17,1,0.00960457418113947,-0.010419664904475212,0.005371103994548321,1.7881936731979362,1.9399484566024394,16.92415089653933,17.93705811482924,False,False,False,False
G081.6802+00.5405B,2019.1.00263.S,5,NaCl,NaCl_v2_J17-16,2,0.008288813754916191,-0.010089839808642864,0.005260515958070755,1.5756655470647096,1.9180323544428937,-30.488672642454972,-29.47576542416506,False,False,False,False
G081.6802+00.5405B,2019.1.00263.S,5,NaCl,NaCl_v2_J18-17,2,0.009124936535954475,-0.012337819673120975,0.004316133912652731,2.1141458352820695,2.858534958091245,23.458968437430215,24.471875655720126,False,False,False,False
G081.6802+00.5405B,2019.1.00263.S,5,KCl,KCl_v0_J30-29,0,0.009064404293894768,-0.016449453309178352,0.009221797809004784,0.9829324478404496,1.7837577498300818,19.64573512483004,20.65864234311995,False,False,True,False
G081.6802+00.5405B,2019.1.00263.S,5,KCl,KCl_v2_J29-28,2,0.013560120016336441,-0.009051556698977947,0.007827655412256718,1.7323348183037928,1.1563560507281423,2.32848793823109,3.341395156521001,True,False,False,False
G081.6802+00.5405B,2019.1.00263.S,5,H2O,H2O_5_15-4_22_232,0,0.006059146486222744,-0.008441458456218243,0.0024668669793754816,2.4562112740090645,3.4219349996550297,-24.363793300211896,-23.350886081921985,False,False,True,False
G081.6802+00.5405B,2019.1.00263.S,5,H2O,H2O_v2_3_13-2_20_232,2,0.011243400163948536,-0.01036383118480444,0.0030979698058217764,3.6292800991215857,3.3453622321716914,-4.328513894688338,-3.315606676398427,True,False,False,False
G189.0307+00.7821,2022.1.01160.S,3,NaCl,NaCl_v2_J20-19,2,0.0015237225452437997,-0.0008779275231063366,0.0007052661967463791,2.1604928072169405,1.244817243696777,16.86030030465452,7.960300304654519,True,False,False,False
G189.0307+00.7821,2022.1.01160.S,3,KCl,KCl_v0_J33-32,0,0.001061463844962418,-0.001702069421298802,0.0007098375353962183,1.495361673667945,2.3978295545455173,22.422114757670787,13.522114757670787,False,False,True,False
G189.0307+00.7821,2022.1.01160.S,5,NaCl,NaCl_v2_J20-19,2,0.0012483317404985428,-0.0007654575165361166,0.0005712541751563549,2.1852474691443065,1.339959600867,-15.116498961258447,-24.01649896125845,False,False,False,False
G189.0307+00.7821,2022.1.01160.S,5,KCl,KCl_v0_J33-32,0,0.0012498877476900816,-0.0007775650592520833,0.0003988106909673661,3.1340377176407177,1.949709666423436,16.642004778056087,7.742004778056087,True,False,True,False
G189.0307+00.7821,2022.1.01160.S,6,NaCl,NaCl_v2_J20-19,2,0.0009860909776762128,-0.0017174533568322659,0.0005367149133235216,1.837271432556255,3.1999359700985566,29.422614301977447,20.52261430197745,False,False,False,False
G189.0307+00.7821,2022.1.01160.S,6,KCl,KCl_v0_J33-32,0,0.0006787744350731373,-0.0017398253548890352,0.0005054756766185164,1.342842922955143,3.4419566269300135,-6.478435140402726,-15.378435140402726,False,False,True,False
G189.0307+00.7821,2022.1.01160.S,7,NaCl,NaCl_v2_J20-19,2,0.0010351313976570964,-0.0017551054479554296,0.0003568854299373925,2.900458552871399,4.917840014548432,-18.54258459689189,-27.44258459689189,False,False,False,False
G189.0307+00.7821,2022.1.01160.S,7,KCl,KCl_v0_J33-32,0,0.001525079715065658,-0.0011584577150642872,0.0004197864036541432,3.6329897819228854,2.7596361029804246,3.925762822903722,-4.9742371770962786,True,False,True,False
G192.6005-00.0479,2019.1.00315.S,1,NaCl,NaCl_v1_J26-25,1,0.0122210793197155,-0.0066942013800144196,0.007145194802433252,1.71039134098257,0.9368815777751434,25.39746516148909,20.797465161489093,False,False,False,False
G192.6005-00.0479,2019.1.00315.S,1,KCl,KCl_v1_J44-43,1,0.09908130764961243,-0.011817718856036663,0.011895967647433281,8.328982608740583,0.9934222424172866,-13.267521625010996,-17.867521625010994,False,True,False,False
G232.6207+00.9959,2018.1.01561.S,1,NaCl,NaCl_v2_J31-30,2,0.028416810557246208,-0.029409507289528847,0.011243406683206558,2.5274199678012437,2.615711422540256,22.100984370772583,-0.7990156292274158,True,False,False,False
G232.6207+00.9959,2018.1.01561.S,1,KCl,KCl_v0_J52-51,0,0.025482892990112305,-0.023849841207265854,0.009080966003239155,2.806187467393076,2.6263550814702623,16.853620546271326,-6.046379453728672,True,False,True,False
G232.6207+00.9959,2018.1.01561.S,1,KCl,KCl_v2_J54-53,2,0.014590466395020485,-0.019405141472816467,0.005438175052404404,2.6829710802651596,3.568318652088404,46.94624307728471,24.046243077284714,False,False,False,False
G232.6207+00.9959,2023.1.01721.S,1,KCl,KCl_v1_J45-44,1,0.0009298133081756532,-0.0022379497531801462,0.00042395343189127743,2.1931967952888356,5.2787631490480935,17.77622010701547,-5.12377989298453,True,False,False,False
G232.6207+00.9959,2023.1.01721.S,1,KCl,KCl_v2_J47-46,2,0.0015284218825399876,-0.005891686305403709,0.0006688261055387557,2.2852306001255838,8.808995726412045,30.904128282680293,8.004128282680295,True,False,False,False
G232.6207+00.9959,2023.1.01721.S,2,KCl,KCl_v1_J45-44,1,0.001079711364582181,-0.0014936670195311308,0.0005447666626423597,1.9819703345008346,2.7418473301691844,32.30145106538806,9.40145106538806,True,False,False,False
G232.6207+00.9959,2023.1.01721.S,2,KCl,KCl_v2_J47-46,2,0.002032735152170062,-0.015276359394192696,0.00032530774478800595,6.248652805652504,46.95971626543314,22.6700311523173,-0.22996884768269865,True,False,False,False
G268.4222-00.8490,2021.1.00095.S,1,NaCl,NaCl_v0_J18-17,0,0.004248439334332943,-0.0052101160399615765,0.002407689346000552,1.7645296895922589,2.1639486209531875,-19.833934605570978,0.0,True,False,True,False
G268.4222-00.8490,2021.1.00095.S,1,NaCl,NaCl_v1_J17-16,1,0.007027298677712679,-0.00452427426353097,0.0020141219720244408,3.4890134635934573,2.246276206889058,-2.997007087745704,0.0,True,False,False,False
G268.4222-00.8490,2021.1.00095.S,1,NaCl,NaCl_v2_J17-16,2,0.0073148631490767,-0.0065391696989536285,0.00299133756197989,2.445348609949316,2.186035364937389,-27.34382356420695,0.0,True,False,False,False
G268.4222-00.8490,2021.1.00095.S,1,NaCl,NaCl_v2_J18-17,2,0.008206164464354515,-0.00939035601913929,0.004353314638137817,1.8850382171927735,2.157058884941091,7.418105097418418,0.0,True,False,False,False
G268.4222-00.8490,2021.1.00095.S,1,KCl,KCl_v2_J29-28,2,0.006174019537866116,-0.007400579750537872,0.004488905891776085,1.3753951824156636,1.6486377591689167,23.678605980369728,0.0,True,False,False,False
G268.4222-00.8490,2021.1.00095.S,1,H2O,H2O_5_15-4_22_232,0,0.0052908542566001415,-0.0053009698167443275,0.002661233302205801,1.9881211663083962,1.9919222461069248,-11.884396886992501,0.0,True,False,True,False
G268.4222-00.8490,2021.1.00095.S,1,H2O,H2O_v2_3_13-2_20_232,2,0.0059861065819859505,-0.005726533476263285,0.0026191433425992727,2.2855207978213437,2.186414688773848,-3.2348062803540962,0.0,True,False,False,False
G268.4222-00.8490,2021.1.00095.S,2,NaCl,NaCl_v0_J18-17,0,0.005920095834881067,-0.008138831704854965,0.003630399936810136,1.6307007321300202,2.2418554006493783,28.913194211582653,0.0,True,False,True,False
G268.4222-00.8490,2021.1.00095.S,2,NaCl,NaCl_v1_J17-16,1,0.005210018716752529,-0.007419050671160221,0.0031160325743258,1.6720039320769278,2.3809284704815523,-28.32849199106201,0.0,True,False,False,False
G268.4222-00.8490,2021.1.00095.S,2,NaCl,NaCl_v2_J17-16,2,0.008928376249969006,-0.009995031170547009,0.002847283845767379,3.1357520828987444,3.5103739956959656,-27.34382356420695,0.0,True,False,False,False
G268.4222-00.8490,2021.1.00095.S,2,NaCl,NaCl_v2_J18-17,2,0.008582862094044685,-0.004527040757238865,0.0025368747301399708,3.3832423777468628,1.7844951914472686,-0.19438264610577607,0.0,True,False,False,False
G268.4222-00.8490,2021.1.00095.S,2,KCl,KCl_v2_J29-28,2,0.0076650637201964855,-0.008276566863059998,0.0031812377274036407,2.4094595805175203,2.601681349295105,29.004053616241784,0.0,True,False,False,False
G268.4222-00.8490,2021.1.00095.S,2,H2O,H2O_5_15-4_22_232,0,0.005058919079601765,-0.005454614292830229,0.0015434800880029798,3.277605664577902,3.5339712738942044,-16.917712177910552,0.0,True,False,True,False
G268.4222-00.8490,2021.1.00095.S,2,H2O,H2O_v2_3_13-2_20_232,2,0.0045196195133030415,-0.0046821776777505875,0.0015672734007239342,2.8837467101881513,2.9874670721699594,13.734408292295644,0.0,True,False,False,False
G268.4222-00.8490,2021.1.00095.S,3,NaCl,NaCl_v0_J18-17,0,0.008548947051167488,-0.009303771890699863,0.0020660357549786568,4.137850485194436,4.503199844571895,-3.5848916665199213,0.0,True,False,True,False
G268.4222-00.8490,2021.1.00095.S,3,NaCl,NaCl_v1_J17-16,1,0.0030426057055592537,-0.007121317088603973,0.0018408320611342788,1.6528426301335002,3.868531648789287,-2.3303890639742604,0.0,True,False,False,False
G268.4222-00.8490,2021.1.00095.S,3,NaCl,NaCl_v2_J17-16,2,0.005470041185617447,-0.008013341575860977,0.0016996919875964522,3.218254381108588,4.7145845449284645,-17.2695140015441,0.0,True,False,False,False
G268.4222-00.8490,2021.1.00095.S,3,NaCl,NaCl_v2_J18-17,2,0.008631541393697262,-0.006773684173822403,0.002943076193332672,2.932829742312278,2.3015660244093232,23.911828541720812,0.0,True,False,False,False
G268.4222-00.8490,2021.1.00095.S,3,KCl,KCl_v2_J29-28,2,0.006317513063549995,-0.008099090307950974,0.0030196825973689556,2.0921116242662174,2.682099872022211,-24.250422742478083,0.0,True,False,False,False
G268.4222-00.8490,2021.1.00095.S,3,H2O,H2O_5_15-4_22_232,0,0.005629536230117083,-0.0035501490347087383,0.002108593937009573,2.6698057560105393,1.683657043870472,28.382125440351693,0.0,True,False,True,False
G268.4222-00.8490,2021.1.00095.S,3,H2O,H2O_v2_3_13-2_20_232,2,0.005913983564823866,-0.004873376805335283,0.003598253708332777,1.6435704772924598,1.354372759777777,8.078003434745769,0.0,True,False,False,False
G268.4222-00.8490,2021.1.00095.S,4,NaCl,NaCl_v0_J18-17,0,0.006705246865749359,-0.006632521282881498,0.0024109231308102608,2.781194796325118,2.7510297603940805,20.163709552093408,0.0,True,False,True,False
G268.4222-00.8490,2021.1.00095.S,4,NaCl,NaCl_v1_J17-16,1,0.007183598820120096,-0.0052895681001245975,0.002418623538687825,2.9701186254134493,2.1870158854876376,-12.329659420546436,0.0,True,False,False,False
G268.4222-00.8490,2021.1.00095.S,4,NaCl,NaCl_v2_J17-16,2,0.0065301344729959965,-0.004520160611718893,0.00300467386841774,2.1733255451230593,1.504376451378135,8.252070223868825,0.0,True,False,False,False
G268.4222-00.8490,2021.1.00095.S,4,NaCl,NaCl_v2_J18-17,2,0.010612912476062775,-0.006303766276687384,0.0027591236867010593,3.8464794192507124,2.2846986914981215,8.686853054672422,0.0,True,False,False,False
G268.4222-00.8490,2021.1.00095.S,4,KCl,KCl_v2_J29-28,2,0.00847001001238823,-0.004516007378697395,0.002736737485975027,3.094929658322924,1.6501426979535312,21.681563116917737,0.0,True,False,False,False
G268.4222-00.8490,2021.1.00095.S,4,H2O,H2O_5_15-4_22_232,0,0.007857385091483593,-0.003548459615558386,0.0015837864484637976,4.961139236356585,2.240491209531584,15.798837213056627,0.0,True,True,True,False
G268.4222-00.8490,2021.1.00095.S,4,H2O,H2O_v2_3_13-2_20_232,2,0.004082287661731243,-0.004256081767380238,0.0020729885436594486,1.9692765182989274,2.053113983865522,9.334982291979076,0.0,True,False,False,False
G326.6618+00.5207,2022.1.01344.S,1,NaCl,NaCl_v0_J18-17,0,0.0013917842879891396,-0.0008799531497061253,0.0007087327539920807,1.9637645927179643,1.2415866837670633,-29.422314123234248,0.0,True,False,True,False
G326.6618+00.5207,2022.1.01344.S,1,NaCl,NaCl_v1_J17-16,1,0.006211742293089628,-0.0025369192007929087,0.0009416683460585773,6.596528723822284,2.694068682898148,-24.730968099673657,0.0,True,True,False,True
G326.6618+00.5207,2022.1.01344.S,1,NaCl,NaCl_v2_J17-16,2,0.0016128767747431993,-0.001955007668584585,0.0007322523160837591,2.202624340431188,2.6698552201792705,-13.40577286338876,0.0,True,False,False,False
G326.6618+00.5207,2022.1.01344.S,1,NaCl,NaCl_v2_J18-17,2,0.0006285691633820534,-0.0017569608753547072,0.0017470058519393206,0.3597979724477109,1.0056983343268917,-27.7279296389065,0.0,True,False,False,False
G326.6618+00.5207,2022.1.01344.S,1,H2O,H2O_5_15-4_22_232,0,0.0031498377211391926,-0.0005299053154885769,0.0005666314391419291,5.558882729678939,0.9351851642595618,-25.367845066021896,0.0,True,True,True,True
G326.6618+00.5207,2022.1.01344.S,1,H2O,H2O_v2_3_13-2_20_232,2,0.0023149799089878798,-0.0013084008824080229,0.0007479521445930004,3.095090943615892,1.7493109577484958,-29.264610926621245,0.0,True,False,False,False
G345.4938+01.4677,2022.1.00700.S,1,NaCl,NaCl_v1_J18-17,1,0.0017939044628292322,-0.0023948608431965113,0.0005428806180134416,3.3044179572917,4.4113949987015655,15.282369103384438,0.0,True,False,False,False
G345.4938+01.4677,2022.1.00700.S,1,H2O,H2O_5_15-4_22_232,0,0.0012384128058329225,-0.0016971731092780828,0.0010026994859799743,1.2350787281221922,1.6926039486490556,4.149648012994788,0.0,True,False,True,False
G345.5043+00.3480,2022.1.01344.S,1,NaCl,NaCl_v0_J18-17,0,0.0013651957269757986,-0.001334841363132,0.0006886320188641548,1.982474949723632,1.9383957274216168,7.729705445317086,0.0,True,False,True,False
G345.5043+00.3480,2022.1.01344.S,1,NaCl,NaCl_v1_J17-16,1,0.0009677967755123973,-0.0018619070760905743,0.0009605177910998464,1.0075781880148373,1.9384410089464215,-10.945844464515423,0.0,True,False,False,False
G345.5043+00.3480,2022.1.01344.S,1,NaCl,NaCl_v2_J17-16,2,0.001460038940422237,-0.0016884414944797754,0.0009481462184339762,1.5398879540264772,1.780781763037058,13.585357941502938,0.0,True,False,False,False
G345.5043+00.3480,2022.1.01344.S,1,NaCl,NaCl_v2_J18-17,2,0.0018234988674521446,-0.000991370528936386,0.0006794760702177882,2.683683719527709,1.4590219911918727,-6.3698392421852335,0.0,True,False,False,False
G345.5043+00.3480,2022.1.01344.S,1,H2O,H2O_5_15-4_22_232,0,0.0007831809343770146,-0.0012704147957265377,0.0005081954877823591,1.5411017083103684,2.4998545368246328,0.7806288074491895,0.0,True,False,True,False
G345.5043+00.3480,2022.1.01344.S,1,H2O,H2O_v2_3_13-2_20_232,2,0.0022104124072939157,-0.0019366682972759008,0.0009141059126704931,2.418114112003016,2.1186475991803477,-29.55252335923619,0.0,True,False,False,False
G345.5043+00.3480,2022.1.01344.S,2,NaCl,NaCl_v0_J18-17,0,0.003676492488011718,-0.0009920441079884768,0.0009386345045641065,3.916852054910392,1.0569013851128062,-28.51844906335557,0.0,True,True,True,False
G345.5043+00.3480,2022.1.01344.S,2,NaCl,NaCl_v1_J17-16,1,0.004406402353197336,-0.010349295102059841,0.0018094958504661918,2.4351547156419766,5.719435664576676,-20.94767846914461,0.0,True,False,False,False
G345.5043+00.3480,2022.1.01344.S,2,NaCl,NaCl_v2_J17-16,2,0.003580283373594284,-0.0007844726787880063,0.0005406440468505025,6.622256167345342,1.45099660924395,-19.995911178747892,0.0,True,True,False,True
G345.5043+00.3480,2022.1.01344.S,2,NaCl,NaCl_v2_J18-17,2,0.0036057408433407545,-0.0007889247499406338,0.0008429837762378156,4.277354968126376,0.9358718070015013,-26.669964523886915,0.0,True,True,False,False
G345.5043+00.3480,2022.1.01344.S,2,H2O,H2O_5_15-4_22_232,0,0.007926300168037415,-0.0012704844120889902,0.0005206320784054697,15.224379166787319,2.4402730157928025,-23.12780976579417,0.0,True,True,True,True
G345.5043+00.3480,2022.1.01344.S,2,H2O,H2O_v2_3_13-2_20_232,2,0.00213694479316473,-0.01350502111017704,0.0006475845584645867,3.299869901517408,20.85445203047652,-23.267578879244336,0.0,True,False,False,False
IRAS17233-3606,2016.1.01137.S,1,NaCl,NaCl_v0_J31-30,0,0.40673449635505676,-0.034658923745155334,0.05138539895415306,7.915370993187234,0.6744897276379741,24.92276440523693,0.0,True,True,True,True
IRAS17233-3606,2016.1.01137.S,1,NaCl,NaCl_v0_J51-50,0,0.25239694118499756,-0.32012563943862915,0.2079518437385559,1.2137278354806007,1.5394219819522348,-26.138759217951012,0.0,True,False,True,False
IRAS17233-3606,2016.1.01137.S,1,NaCl,NaCl_v2_J52-51,2,0.2600739896297455,-0.10914287716150284,0.041324011981487274,6.293531948114232,2.641149102618538,-6.8545835728257085,0.0,True,True,False,True
IRAS17233-3606,2016.1.01137.S,1,NaCl,NaCl_v2_J53-52,2,0.27516788244247437,-0.2301013320684433,0.11630813032388687,2.365852513286954,1.9783770182503404,-10.404988006054307,0.0,True,False,False,False
IRAS17233-3606,2016.1.01137.S,1,KCl,KCl_v0_J51-50,0,0.15339460968971252,-0.10499578714370728,0.04031286761164665,3.8051029057877246,2.6045229070574307,-2.3833638866575493,0.0,True,False,True,False
IRAS17233-3606,2016.1.01137.S,1,KCl,KCl_v0_J87-86,0,0.2974345088005066,-0.29028815031051636,0.0778229758143425,3.8219369754001424,3.7301085864801546,-17.91430902731919,0.0,True,False,True,False
IRAS17233-3606,2016.1.01137.S,1,KCl,KCl_v1_J53-52,1,0.11441081762313843,-0.13273225724697113,0.09551577270030975,1.197821201552897,1.3896370567344076,-28.848626523265615,0.0,True,False,False,False
IRAS17233-3606,2016.1.01137.S,1,KCl,KCl_v2_J88-87,2,0.3829311728477478,-0.18122059106826782,0.08129630237817764,4.710314757815332,2.2291369443256848,2.3354425876851894,0.0,True,True,False,False
IRAS17233-3606,2016.1.01137.S,1,KCl,KCl_v2_J90-89,2,0.44140487909317017,-0.09846557676792145,0.08648324012756348,5.103935495965397,1.1385509680567463,-2.5063927364388947,0.0,True,True,False,True
IRAS17233-3606,2017.1.00237.S,1,NaCl,NaCl_v0_J18-17,0,0.0030003427527844906,-0.005368025507777929,0.0019058330217376351,1.574294661999791,2.816629498256702,-28.0764315647654,0.0,True,False,True,False
IRAS17233-3606,2017.1.00237.S,1,NaCl,NaCl_v1_J17-16,1,0.003410985693335533,-0.0014353969600051641,0.0016119692008942366,2.116036516977679,0.8904617775630457,-11.821047474366031,0.0,True,True,False,False
IRAS17233-3606,2017.1.00237.S,1,NaCl,NaCl_v1_J18-17,1,0.0068757119588553905,-0.0011445698328316212,0.0010484398808330297,6.558041223491372,1.0916885686589985,13.293559645705392,0.0,True,True,False,True
IRAS17233-3606,2017.1.00237.S,1,NaCl,NaCl_v2_J17-16,2,0.003014102578163147,-0.0017060603713616729,0.002332310890778899,1.2923245310390659,0.7314892616189416,-19.106371419291012,0.0,True,False,False,False
IRAS17233-3606,2017.1.00237.S,1,KCl,KCl_v2_J29-28,2,0.0024405615404248238,-0.005467964336276054,0.0025780280120670795,0.9466776656425722,2.120987169527225,12.89598475350486,0.0,True,False,False,False
IRAS17233-3606,2017.1.00237.S,1,KCl,KCl_v2_J31-30,2,0.00494208512827754,-0.0034645218402147293,0.0017262875335291028,2.8628400728668204,2.006920500162624,-9.597286656059557,0.0,True,False,False,False
IRAS17233-3606,2017.1.00237.S,1,H2O,H2O_5_15-4_22_232,0,0.0031927276868373156,-0.0027748974971473217,0.0009022197918966413,3.5387471162936714,3.075633589586799,-10.411656104332767,0.0,True,False,True,False
IRAS17233-3606,2017.1.00237.S,4,NaCl,NaCl_v0_J18-17,0,0.004265712108463049,-0.00888026598840952,0.0014469888992607594,2.9479922829002523,6.137065732118807,-15.577999154669815,0.0,True,False,True,False
IRAS17233-3606,2017.1.00237.S,4,NaCl,NaCl_v1_J17-16,1,0.004276853054761887,-0.003734785597771406,0.00187915307469666,2.2759471340312563,1.9874834296691286,-14.48734443727904,0.0,True,False,False,False
IRAS17233-3606,2017.1.00237.S,4,NaCl,NaCl_v1_J18-17,1,0.004716384690254927,-0.0037372452206909657,0.002283655572682619,2.065278471356594,1.636518775158729,-3.0762098280764185,0.0,True,False,False,False
IRAS17233-3606,2017.1.00237.S,4,NaCl,NaCl_v2_J17-16,2,0.00360274245031178,-0.00338755757547915,0.0014598496491089463,2.4678859583319412,2.3204838782862507,-15.076911804482807,0.0,True,False,False,False
IRAS17233-3606,2017.1.00237.S,4,KCl,KCl_v2_J29-28,2,0.005217954982072115,-0.015240902081131935,0.005279759410768747,0.9882940823836454,2.8866660192974245,-19.05460242986493,0.0,True,False,False,False
IRAS17233-3606,2017.1.00237.S,4,KCl,KCl_v2_J31-30,2,0.001416090177372098,-0.010238967835903168,0.0010932113509625196,1.2953489516233976,9.365954558455922,19.05250821857946,0.0,True,False,False,False
IRAS17233-3606,2017.1.00237.S,4,H2O,H2O_5_15-4_22_232,0,0.003583494108170271,-0.0025183730758726597,0.0012627743417397141,2.8377945209381745,1.99431758520142,-6.636921118582599,0.0,True,False,True,False
IRAS17233-3606,2017.1.00237.S,5,NaCl,NaCl_v0_J18-17,0,0.016048012301325798,-0.0029474846087396145,0.00197393586859107,8.1299562750133,1.4932018084475212,-5.579253226593369,0.0,True,True,True,True
IRAS17233-3606,2017.1.00237.S,5,NaCl,NaCl_v1_J17-16,1,0.00941743515431881,-0.003535656025633216,0.0033017857931554317,2.8522247487529495,1.0708314370249563,-7.821602029996575,0.0,True,True,False,False
IRAS17233-3606,2017.1.00237.S,5,NaCl,NaCl_v1_J18-17,1,0.01112333219498396,-0.002620295388624072,0.001698829815723002,6.547643614466467,1.542411938131016,-11.890701083189809,0.0,True,True,False,True
IRAS17233-3606,2017.1.00237.S,5,NaCl,NaCl_v2_J17-16,2,0.005941624753177166,-0.004519850015640259,0.0003679318760987371,16.14870887561449,12.284475222873391,-11.047452189674368,0.0,True,False,False,False
IRAS17233-3606,2017.1.00237.S,5,KCl,KCl_v2_J29-28,2,0.02314029261469841,-0.0207970067858696,0.015430967323482037,1.499600908329624,1.3477448529245346,-25.71097475973354,0.0,True,False,False,False
IRAS17233-3606,2017.1.00237.S,5,KCl,KCl_v2_J31-30,2,0.002507042372599244,-0.0082814646884799,0.0010469070402905345,2.3947134522120486,7.910410733489435,17.80686496316036,0.0,True,False,False,False
IRAS17233-3606,2017.1.00237.S,5,H2O,H2O_5_15-4_22_232,0,0.0382608063519001,-0.002410114975646138,0.0010866945376619697,35.20842796745668,2.2178403333392254,-6.636921118582599,0.0,True,True,True,True
MonR2-IRS2,2018.1.00446.S,1,KCl,KCl_v1_J48-47,1,0.0005411846213974059,-0.0003761400294024497,0.0004805837816093117,1.1260983872263908,0.7826731650054537,-6.95579813721939,-16.95579813721939,False,False,False,False
MonR2-IRS2,2018.1.00446.S,1,KCl,KCl_v2_J47-46,2,-4.575296770781279e-06,-0.0003297328366898,0.00018506900232750922,-0.02472211290513448,1.781675118701321,26.966498448144414,16.966498448144414,False,False,False,False
MonR2-IRS2,2018.1.00446.S,2,KCl,KCl_v1_J48-47,1,0.0004658729303628206,-0.00019486388191580772,0.00021614623256027699,2.1553599377814834,0.9015372583996614,-19.77813520458166,-29.77813520458166,False,True,False,False
MonR2-IRS2,2018.1.00446.S,2,KCl,KCl_v2_J47-46,2,0.00025032408302649856,3.898880095221102e-05,0.00016273696382995695,1.5382128137038427,0.23958171539288534,0.6178802698994987,-9.382119730100502,True,True,False,False
MonR2-IRS2,2018.1.00446.S,3,KCl,KCl_v1_J48-47,1,0.00024199696781579405,-0.0001876200403785333,0.00018670139252208173,1.296171199082901,1.0049204124513582,-6.95579813721939,-16.95579813721939,False,False,False,False
MonR2-IRS2,2018.1.00446.S,3,KCl,KCl_v2_J47-46,2,4.969389920006506e-05,-0.00026245793560519814,0.00016772630624473095,0.2962796970414185,1.5647988767024026,26.966498448144414,16.966498448144414,False,False,False,False
MonR2-IRS2,2022.1.00285.S,1,NaCl,NaCl_v0_J18-17,0,0.0016297714319080114,-0.0018589016981422901,0.0007235784432850778,2.252376984185402,2.569039632666218,-18.297047276034718,-28.297047276034718,False,False,True,False
MonR2-IRS2,2022.1.00285.S,1,NaCl,NaCl_v2_J17-16,2,0.0019024081993848085,-0.001350340899080038,0.0006475625559687614,2.937798336005983,2.085267109151967,7.628439533551689,-2.3715604664483108,True,False,False,False
MonR2-IRS3,2019.1.00437.S,1,NaCl,NaCl_v0_J18-17,0,0.0024814221542328596,-0.0013005969813093543,0.000633853895124048,3.914817236781726,2.051887653155183,10.79403108814382,0.7940310881438197,True,False,True,False
MonR2-IRS3,2019.1.00437.S,1,NaCl,NaCl_v1_J17-16,1,0.00339487474411726,-0.001894889515824616,0.0011379889911040664,2.983222834891912,1.6651211309049763,-3.9183580163695444,-13.918358016369545,False,False,False,False
MonR2-IRS3,2019.1.00437.S,1,NaCl,NaCl_v2_J17-16,2,0.0018995716236531734,-0.0009947771904990077,0.0007024047081358731,2.7043833870283804,1.416245049295111,-4.605119540124725,-14.605119540124726,False,False,False,False
MonR2-IRS3,2019.1.00437.S,2,NaCl,NaCl_v0_J18-17,0,0.0012251872103661299,-0.0010833838023245335,0.0004777909489348531,2.564274633283571,2.267484984258781,22.042487370611866,12.042487370611866,False,False,True,False
MonR2-IRS3,2019.1.00437.S,2,NaCl,NaCl_v1_J17-16,1,0.003035050118342042,-0.0018445765599608421,0.0011556472163647413,2.6262773581450225,1.596141567980607,28.084228019159813,18.084228019159813,False,False,False,False
MonR2-IRS3,2019.1.00437.S,2,NaCl,NaCl_v2_J17-16,2,0.0011559155536815524,-0.001077553490176797,0.0005300380289554596,2.1808162632396453,2.0329739213247024,-3.2619400177708595,-13.26194001777086,False,False,False,False
MonR2-IRS3,2022.1.00285.S,1,NaCl,NaCl_v0_J18-17,0,0.003256468567997217,-0.0018465897301211953,0.0011159952264279127,2.91799506922673,1.6546573734296122,17.323019925295842,7.323019925295842,True,False,True,False
MonR2-IRS3,2022.1.00285.S,1,NaCl,NaCl_v2_J17-16,2,0.002180894371122122,-0.0017011535819619894,0.0008287072414532304,2.6316825315749393,2.052779916558744,-9.171268560045165,-19.171268560045164,False,False,False,False
MonR2-IRS3,2022.1.00285.S,2,NaCl,NaCl_v0_J18-17,0,0.001937443041242659,-0.0019244656432420015,0.0008436403004452586,2.2965273709898764,2.2811447511768965,1.072047058711527,-8.927952941288472,True,False,True,False
MonR2-IRS3,2022.1.00285.S,2,NaCl,NaCl_v2_J17-16,2,0.00257317372597754,-0.0013936592731624842,0.0007641080301254988,3.367552262937109,1.8239034511044028,-9.842965666367324,-19.842965666367324,False,False,False,False
NGC6334I,2016.1.00383.S,1,NaCl,NaCl_v1_J20-19,1,0.007811854127794504,-0.005702551919966936,0.0019021631451323628,4.1068265610050565,2.997929980170088,1.0177719916481873,0.0,True,False,False,False
NGC6334I,2016.1.00383.S,2,NaCl,NaCl_v1_J20-19,1,0.02829057350754738,-0.011820672079920769,0.009688672609627247,2.9199638224369524,1.2200507289486735,-2.3832936040030326,0.0,True,True,False,False
NGC6334I,2016.1.00383.S,3,NaCl,NaCl_v1_J20-19,1,0.02444576844573021,-0.010191786102950573,0.006333532277494669,3.8597369326741835,1.609178836771019,-12.019646125014988,0.0,True,True,False,False
NGC6334I,2016.1.00383.S,4,NaCl,NaCl_v1_J20-19,1,0.014960911124944687,-0.013199188746511936,0.00519614527001977,2.87923265180147,2.540188555286815,16.889411438020762,0.0,True,False,False,False
NGC6334I,2016.1.00383.S,5,NaCl,NaCl_v1_J20-19,1,0.02709256485104561,-0.04196843504905701,0.02713209204375744,0.9985431572085159,1.546818984005073,-19.955465848201303,0.0,True,False,False,False
NGC6334I,2016.1.00383.S,6,NaCl,NaCl_v1_J20-19,1,0.020260974764823914,-0.012675278820097446,0.006861785426735878,2.952726368545449,1.847227511765407,-21.655998646026944,0.0,True,False,False,False
NGC6334I,2016.1.00383.S,7,NaCl,NaCl_v1_J20-19,1,0.01134874764829874,-0.010753788985311985,0.0038579858373850584,2.941625015396873,2.78741017686081,-15.420711720666267,0.0,True,False,False,False
NGC6334I,2016.1.01137.S,1,NaCl,NaCl_v0_J51-50,0,0.1513809859752655,-0.3846501111984253,0.05126826465129852,2.9527230345104205,7.502694187420343,11.652479362413272,0.0,True,False,True,False
NGC6334I,2016.1.01137.S,1,NaCl,NaCl_v2_J52-51,2,0.2209213823080063,-0.2724703848361969,0.0678609237074852,3.2555021393503107,4.015129325540596,-2.384391346585122,0.0,True,False,False,False
NGC6334I,2016.1.01137.S,1,NaCl,NaCl_v2_J53-52,2,0.1948898881673813,-0.5064484477043152,0.14120014011859894,1.3802386315175499,3.5867418210699467,-1.2526454241569154,0.0,True,False,False,False
NGC6334I,2016.1.01137.S,1,KCl,KCl_v0_J87-86,0,0.14327193796634674,-0.20996549725532532,0.1140693873167038,1.256006903662633,1.840682256602065,-13.431873044845764,0.0,True,False,True,False
NGC6334I,2016.1.01137.S,1,KCl,KCl_v2_J88-87,2,0.20895442366600037,-0.3178173303604126,0.07496810704469681,2.7872442282878964,4.239367150766211,1.9432203243212716,0.0,True,False,False,False
NGC6334I,2016.1.01137.S,1,KCl,KCl_v2_J90-89,2,0.0819404125213623,-0.7455294728279114,0.04890876263380051,1.6753728393188556,15.243269972090465,-0.2937751333282213,0.0,True,False,False,False
NGC6334I,2018.1.00024.S,1,H2O,H2O_5_24-4_31_321,0,0.03613242134451866,-0.06939255446195602,0.014058067463338375,2.5702267711225137,4.936137534047467,-1.6009654636119086,0.0,True,False,True,False
NGC6334I,2018.1.00024.S,2,H2O,H2O_5_24-4_31_321,0,0.09239710122346878,-0.038767971098423004,0.010585106909275055,8.72897194288204,3.6625016101115713,-1.1451656193838862,0.0,True,True,True,True
NGC6334I,2018.1.00024.S,3,H2O,H2O_5_24-4_31_321,0,0.103914774954319,-0.028450367972254753,0.013049379922449589,7.963196379588007,2.1802084191992885,-7.754263360690296,0.0,True,True,True,True
NGC6334I,2018.1.00024.S,4,H2O,H2O_5_24-4_31_321,0,0.04668867588043213,-0.036358945071697235,0.007892582565546036,5.915513140685409,4.606723435547842,-7.754263360690296,0.0,True,False,True,False
NGC6334I,2018.1.00495.S,1,KCl,KCl_v2_J18-17,2,0.006747876293957233,-0.006306464318186045,0.000992841785773635,6.796527292310932,6.35193281402028,-27.114147380831653,0.0,True,False,False,False
NGC6334I,2018.1.00495.S,2,KCl,KCl_v2_J18-17,2,0.0025163181126117706,-0.0028262741398066282,0.0011638645082712173,2.162036985172323,2.428353231601437,-9.969456257834215,0.0,True,False,False,False
NGC6334I,2018.1.00495.S,3,KCl,KCl_v2_J18-17,2,0.002008470008149743,-0.0015267878770828247,0.0005872260662727058,3.420267122844333,2.600000178421558,19.49798160981748,0.0,True,False,False,False
NGC6334I,2018.1.00495.S,4,KCl,KCl_v2_J18-17,2,0.003423539223149419,-0.003185271518304944,0.0009209850104525685,3.7172583530616907,3.45854870834403,6.639463267569431,0.0,True,False,False,False
NGC6334I,2018.1.00495.S,5,KCl,KCl_v2_J18-17,2,0.005568124353885651,-0.006376049015671015,0.0017355243908241391,3.208323883734959,3.67384581247127,-7.826369867459638,0.0,True,False,False,False
NGC6334I,2018.1.00495.S,6,KCl,KCl_v2_J18-17,2,0.0017262294422835112,-0.0017850477015599608,0.0007975981570780277,2.1642846425416664,2.238028869198268,10.389864450725145,0.0,True,False,False,False
NGC6334I,2018.1.00495.S,7,KCl,KCl_v2_J18-17,2,0.002051395596936345,-0.0017655977280810475,0.0005175009137019515,3.9640424637352853,3.411777025572408,-3.0044254891165765,0.0,True,False,False,False
NGC6334I,2018.1.00495.S,8,KCl,KCl_v2_J18-17,2,0.005403764545917511,-0.0027925539761781693,0.0016140188090503216,3.348018322721438,1.7301867614673525,-6.219055074678618,0.0,True,False,False,False
NGC6334I,2018.1.00495.S,9,KCl,KCl_v2_J18-17,2,0.002293757861480117,-0.0012548576341941953,0.0006005881587043405,3.8191859566936546,2.0893812440480377,-9.969456257834215,0.0,True,False,False,False
NGC6334I,2018.1.00495.S,10,KCl,KCl_v2_J18-17,2,0.010451182723045349,-0.0025405841879546642,0.0018434091471135616,5.669486201373131,1.3781987530726698,8.782549657944124,0.0,True,True,False,True
NGC6334I,2018.1.00495.S,11,KCl,KCl_v2_J18-17,2,0.006459606345742941,-0.003488516667857766,0.002490469254553318,2.593730612788277,1.4007467313558362,3.4248336820073892,0.0,True,False,False,False
NGC6334I,2018.1.00495.S,12,KCl,KCl_v2_J18-17,2,0.00149534794036299,-0.0016488749533891678,0.000458533875644207,3.2611504183025386,3.5959719466148874,-4.611740281897597,0.0,True,False,False,False
NGC6334I,2018.1.00495.S,13,KCl,KCl_v2_J18-17,2,0.00269524403847754,-0.001356153516098857,0.0007435480365529656,3.6248418474379873,1.8238949596126774,-9.433684660240658,0.0,True,False,False,False
NGC6334I,2018.1.00495.S,14,KCl,KCl_v2_J18-17,2,0.0011647038627415895,-0.0023720040917396545,0.0006329446332529187,1.840135458224487,3.7475696405688996,-9.433684660240658,0.0,True,False,False,False
NGC6334I,2018.1.00495.S,15,KCl,KCl_v2_J18-17,2,0.003253708127886057,-0.0023735053837299347,0.0006903105531819165,4.713397633700397,3.4383153680463123,-11.040999453021563,0.0,True,False,False,False
NGC6334I,2018.1.00495.S,16,KCl,KCl_v2_J18-17,2,0.0031434595584869385,-0.0014916094951331615,0.0005914674256928265,5.314679087871641,2.521879363662228,-9.969456257834215,0.0,True,True,False,True
NGC6334I,2018.1.00495.S,17,KCl,KCl_v2_J18-17,2,0.00968761183321476,-0.004324244800955057,0.0013774735853075981,7.032883923542866,3.1392578754890805,2.8890620844137156,0.0,True,True,False,True
NGC6334I,2018.1.00495.S,18,KCl,KCl_v2_J18-17,2,0.002424247097223997,-0.0012797302333638072,0.0005924198194406927,4.09211005045838,2.160174577839088,-11.576771050615237,0.0,True,False,False,False
NGC6334I,2018.1.00495.S,20,KCl,KCl_v2_J18-17,2,0.0027207625098526478,-0.005328592844307423,0.0006190664134919643,4.39494446889092,8.607465577482163,-1.9328822939292296,0.0,True,False,False,False
NGC6334I,2022.1.01399.S,3,NaCl,NaCl_v0_J18-17,0,0.007281940430402756,-0.0095694400370121,0.002949879737570882,2.468555018584984,3.2440102269701967,22.822368335018865,0.0,True,False,True,False
NGC6334I,2022.1.01399.S,3,NaCl,NaCl_v2_J18-17,2,0.012364753521978855,-0.01205694954842329,0.0028252825140953064,4.376466233125793,4.267519969515009,-6.9669198202902916,0.0,True,False,False,False
NGC6334I,2022.1.01399.S,3,KCl,KCl_v0_J30-29,0,0.005627995356917381,-0.012890627607703209,0.004861742258071899,1.1576087456247357,2.6514419982468294,-15.918627986804262,0.0,True,False,True,False
NGC6334I,2022.1.01399.S,3,H2O,H2O_5_15-4_22_232,0,0.005259706638753414,-0.006882509216666222,0.0022420305758714676,2.3459566945062686,3.0697659928170338,15.598656392002596,0.0,True,False,True,False
NGC6334I,2022.1.01399.S,3,H2O,H2O_v2_3_13-2_20_232,2,0.07884495705366135,-0.15923826396465302,0.0043133338913321495,18.279353984653042,36.917676205092754,-19.711496392800356,0.0,True,False,False,False
NGC6334I,2022.1.01399.S,4,NaCl,NaCl_v0_J18-17,0,0.00962488166987896,-0.006997582968324423,0.0024812703486531973,3.8790136976018053,2.820161443561611,-4.671082008854952,0.0,True,False,True,False
NGC6334I,2022.1.01399.S,4,NaCl,NaCl_v2_J18-17,2,0.015650367364287376,-0.0052876584231853485,0.0043567330576479435,3.592225449024066,1.213675098570299,-22.189087770328044,0.0,True,True,False,False
NGC6334I,2022.1.01399.S,4,KCl,KCl_v0_J30-29,0,0.007511042524129152,-0.009017577394843102,0.0033691097050905228,2.229384965642531,2.676546086112329,13.31645134962359,0.0,True,False,True,False
NGC6334I,2022.1.01399.S,4,H2O,H2O_5_15-4_22_232,0,0.005122920498251915,-0.006318822968751192,0.0033163209445774555,1.5447601676274565,1.9053713661469205,14.34055316726421,0.0,True,False,True,False
NGC6334I,2022.1.01399.S,4,H2O,H2O_v2_3_13-2_20_232,2,0.13194453716278076,-0.058145228773355484,0.002528127981349826,52.190608282549256,22.999321712467424,-19.711496392800356,0.0,True,False,False,False
NGC6334I,2022.1.01399.S,5,NaCl,NaCl_v0_J18-17,0,0.005051132757216692,-0.007821192964911461,0.0028877549339085817,1.7491556149399334,2.708399134938179,12.824750028155744,0.0,True,False,True,False
NGC6334I,2022.1.01399.S,5,NaCl,NaCl_v2_J18-17,2,0.012750858440995216,-0.008469411171972752,0.00501412246376276,2.5429890341024017,1.689111351623636,20.94038808811235,0.0,True,False,False,False
NGC6334I,2022.1.01399.S,5,KCl,KCl_v0_J30-29,0,0.010332278907299042,-0.013465126976370811,0.006078802514821291,1.6997227467263423,2.2150953158192324,17.129722567418533,0.0,True,False,True,False
NGC6334I,2022.1.01399.S,5,H2O,H2O_5_15-4_22_232,0,0.007631208747625351,-0.009060665033757687,0.0017527617746964097,4.353819702022614,5.169364807335016,-10.821511327503481,0.0,True,False,True,False
NGC6334I,2022.1.01399.S,5,H2O,H2O_v2_3_13-2_20_232,2,0.08377829194068909,-0.14342744648456573,0.002764906734228134,30.300585153038472,51.87424396960923,-18.454742891531204,0.0,True,False,False,False
NGC6334I,2022.1.01399.S,6,NaCl,NaCl_v0_J18-17,0,0.006126930471509695,-0.012181933969259262,0.0017675848212093115,3.466272394960878,6.89185255671344,-29.665127776012756,0.0,True,False,True,False
NGC6334I,2022.1.01399.S,6,NaCl,NaCl_v2_J18-17,2,0.00673627620562911,-0.016350114718079567,0.008546633645892143,0.788178888288588,1.9130473348343522,23.477416079785325,0.0,True,False,False,False
NGC6334I,2022.1.01399.S,6,KCl,KCl_v0_J30-29,0,0.01222765538841486,-0.012531446292996407,0.0029052223544567823,4.208853539095524,4.313420717616477,13.31645134962359,0.0,True,False,True,False
NGC6334I,2022.1.01399.S,6,H2O,H2O_5_15-4_22_232,0,0.005715962033718824,-0.005534830503165722,0.0021964353509247303,2.602381186094243,2.5199150527401044,-18.37013067593379,0.0,True,False,True,False
NGC6334I,2022.1.01399.S,6,H2O,H2O_v2_3_13-2_20_232,2,0.22295700013637543,-0.0045401835814118385,0.0029126624576747417,76.54748992589005,1.558774367915049,-20.96824989406951,0.0,True,True,False,True
NGC6334I,2022.1.01399.S,7,NaCl,NaCl_v0_J18-17,0,0.005264224484562874,-0.007478171028196812,0.004931446630507708,1.0674807777491664,1.5164254200652094,20.32296375830332,0.0,True,False,True,False
NGC6334I,2022.1.01399.S,7,NaCl,NaCl_v2_J18-17,2,0.011866913177073002,-0.01130207721143961,0.004280021879822016,2.7726290916920466,2.640658746330896,9.523762125583948,0.0,True,False,False,False
NGC6334I,2022.1.01399.S,7,KCl,KCl_v0_J30-29,0,0.006371775176376104,-0.009360771626234055,0.005377411376684904,1.1849149581530083,1.740757954063175,19.671903379281808,0.0,True,False,True,False
NGC6334I,2022.1.01399.S,7,H2O,H2O_5_15-4_22_232,0,0.004609839990735054,-0.007876351475715637,0.0035477778874337673,1.2993598068985974,2.2200802095344474,19.37296606621775,0.0,True,False,True,False
NGC6334I,2022.1.01399.S,7,H2O,H2O_v2_3_13-2_20_232,2,0.28744184970855713,-0.02121533267199993,0.00224707112647593,127.91844740551255,9.441326721718784,-19.711496392800356,0.0,True,False,False,False
NGC6334I,2022.1.01399.S,8,NaCl,NaCl_v0_J18-17,0,0.03807372599840164,-0.019423963502049446,0.013793067075312138,2.7603524140434903,1.4082410674864263,-25.916020910939203,0.0,True,False,True,False
NGC6334I,2022.1.01399.S,8,NaCl,NaCl_v2_J18-17,2,0.026151929050683975,-0.017335329204797745,0.018162058666348457,1.4399209655202545,0.9544804101375073,-29.800171745346976,0.0,True,False,False,False
NGC6334I,2022.1.01399.S,8,KCl,KCl_v0_J30-29,0,0.09597206115722656,-0.014621245674788952,0.016591450199484825,5.7844287270444,0.8812518194005097,9.503180131828646,0.0,True,True,True,True
NGC6334I,2022.1.01399.S,8,H2O,H2O_5_15-4_22_232,0,0.07831916958093643,-0.021948132663965225,0.008164829574525356,9.592260177150035,2.6881311439058577,-4.530995203811559,0.0,True,True,True,True
NGC6334I,2022.1.01399.S,8,H2O,H2O_v2_3_13-2_20_232,2,0.13418002426624298,-0.3684186041355133,0.006665396969765425,20.13083764926385,55.27331767435287,-22.22500339533866,0.0,True,False,False,False
NGC6334I,2022.1.01399.S,10,NaCl,NaCl_v0_J18-17,0,0.08498874306678772,-0.016477268189191818,0.017687469720840454,4.805025501564467,0.9315785948612705,-13.418998027360066,0.0,True,True,True,False
NGC6334I,2022.1.01399.S,10,NaCl,NaCl_v2_J18-17,2,0.062469132244586945,-0.019542567431926727,0.018044907599687576,3.461870441811989,1.0829962594136575,-29.800171745346976,0.0,True,True,False,False
NGC6334I,2022.1.01399.S,10,KCl,KCl_v0_J30-29,0,0.10254845023155212,-0.007001954596489668,0.006824001669883728,15.02761212444126,1.0260775033791825,12.04536094369195,0.0,True,True,True,True
NGC6334I,2022.1.01399.S,10,H2O,H2O_5_15-4_22_232,0,0.05997033417224884,-0.01758778654038906,0.011463717557489872,5.231316444382124,1.5342131775479761,-4.530995203811559,0.0,True,True,True,True
NGC6334I,2022.1.01399.S,10,H2O,H2O_v2_3_13-2_20_232,2,0.09295827150344849,-0.44064953923225403,0.015332290902733803,6.062908152027933,28.739967303495696,1.6533131287753349,0.0,True,False,False,False
NGC6334I,2022.1.01399.S,11,NaCl,NaCl_v0_J18-17,0,0.0302691962569952,-0.026159968227148056,0.010441581718623638,2.8989090994716795,2.505364506269108,-23.41661633422319,0.0,True,False,True,False
NGC6334I,2022.1.01399.S,11,NaCl,NaCl_v2_J18-17,2,0.04887140542268753,-0.019661378115415573,0.02076859213411808,2.353140025433063,0.9466880561016168,-19.652059778655065,0.0,True,True,False,False
NGC6334I,2022.1.01399.S,11,KCl,KCl_v0_J30-29,0,0.04591744393110275,-0.025759607553482056,0.019685393199324608,2.3325642249644343,1.308564542889895,-1.9366335215561559,0.0,True,False,True,False
NGC6334I,2022.1.01399.S,11,H2O,H2O_5_15-4_22_232,0,0.02184702828526497,-0.03849535807967186,0.023330209776759148,0.9364265685698343,1.6500219435669103,4.275727369357133,0.0,True,False,True,False
NGC6334I,2022.1.01399.S,11,H2O,H2O_v2_3_13-2_20_232,2,0.17394205927848816,-0.051360875368118286,0.018151741474866867,9.582665085844823,2.8295288052241823,-19.711496392800356,0.0,True,True,False,True
NGC6334I,2022.1.01399.S,12,NaCl,NaCl_v0_J18-17,0,0.04860678315162659,-0.009834776632487774,0.01037326455116272,4.685774946921444,0.9480888667189552,-22.166914045865184,0.0,True,True,True,False
NGC6334I,2022.1.01399.S,12,NaCl,NaCl_v2_J18-17,2,0.04599374160170555,-0.021270323544740677,0.009877322241663933,4.656499046644189,2.153450401265584,-4.429891828617314,0.0,True,True,False,False
NGC6334I,2022.1.01399.S,12,KCl,KCl_v0_J30-29,0,0.06281591206789017,-0.02965441904962063,0.021730611100792885,2.8906647759021467,1.3646380634246695,14.587541755555227,0.0,True,True,True,False
NGC6334I,2022.1.01399.S,12,H2O,H2O_5_15-4_22_232,0,0.04519155994057655,-0.022984031587839127,0.013628737069666386,3.315902251952593,1.6864388439186278,-2.0147887543347895,0.0,True,False,True,False
NGC6334I,2022.1.01399.S,12,H2O,H2O_v2_3_13-2_20_232,2,0.08398813754320145,-0.30635687708854675,0.01952870562672615,4.300752909514847,15.68751574959888,-15.941235888992901,0.0,True,False,False,False
NGC6334I,2022.1.01399.S,13,NaCl,NaCl_v0_J18-17,0,0.016094502061605453,-0.008599110879004002,0.0059957620687782764,2.6843129992456394,1.4341981520217655,-18.417807180791627,0.0,True,False,True,False
NGC6334I,2022.1.01399.S,13,NaCl,NaCl_v2_J18-17,2,0.0077904267236590385,-0.01525017898529768,0.004879834596067667,1.596453029358172,3.125142601674815,-27.263143753673997,0.0,True,False,False,False
NGC6334I,2022.1.01399.S,13,KCl,KCl_v0_J30-29,0,0.06989225745201111,-0.011722219176590443,0.005702024791389704,12.257445382831612,2.05579940555353,-19.731899204599205,0.0,True,True,True,True
NGC6334I,2022.1.01399.S,13,H2O,H2O_5_15-4_22_232,0,0.06898665428161621,-0.005585758946835995,0.003736798884347081,18.46143087084282,1.494797852309886,-3.2728919790731745,0.0,True,True,True,True
NGC6334I,2022.1.01399.S,13,H2O,H2O_v2_3_13-2_20_232,2,0.16140063107013702,-0.06244681030511856,0.0040146359242498875,40.20305554862832,15.554787901915764,-20.96824989406951,0.0,True,False,False,False
NGC6334I,2022.1.01399.S,14,NaCl,NaCl_v0_J18-17,0,0.039059754461050034,-0.014490905217826366,0.003546192077919841,11.014562551265435,4.0863283486681805,-20.91721175750764,0.0,True,True,True,True
NGC6334I,2022.1.01399.S,14,NaCl,NaCl_v2_J18-17,2,0.05041581392288208,-0.025865985080599785,0.011164488270878792,4.51572993760812,2.316808836466608,-5.698405824453803,0.0,True,False,False,False
NGC6334I,2022.1.01399.S,14,KCl,KCl_v0_J30-29,0,0.06963047385215759,-0.03440083935856819,0.02214043214917183,3.1449464664022897,1.5537564545620202,15.858632161486865,0.0,True,True,True,False
NGC6334I,2022.1.01399.S,14,H2O,H2O_5_15-4_22_232,0,0.018592022359371185,-0.03303903341293335,0.015706615522503853,1.183706466407943,2.1035106745687036,-3.2728919790731745,0.0,True,False,True,False
NGC6334I,2022.1.01399.S,14,H2O,H2O_v2_3_13-2_20_232,2,0.6029437780380249,-0.018218718469142914,0.013329747132956982,45.232949434373246,1.3667714989205046,-19.711496392800356,0.0,True,True,False,True
NGC6334I,2022.1.01399.S,15,NaCl,NaCl_v0_J18-17,0,0.041313666850328445,-0.011539094150066376,0.0049332017078995705,8.374615370819438,2.3390679792372455,-20.91721175750764,0.0,True,True,True,True
NGC6334I,2022.1.01399.S,15,NaCl,NaCl_v2_J18-17,2,0.03928859531879425,-0.013676028698682785,0.012282447889447212,3.1987593737360838,1.1134611619588393,-4.429891828617314,0.0,True,True,False,False
NGC6334I,2022.1.01399.S,15,KCl,KCl_v0_J30-29,0,0.06168804317712784,-0.009653729386627674,0.011465325020253658,5.380400735971727,0.8419935212978459,13.31645134962359,0.0,True,True,True,True
NGC6334I,2022.1.01399.S,15,H2O,H2O_5_15-4_22_232,0,0.018547113984823227,-0.024338245391845703,0.02198127843439579,0.8437686661482409,1.1072261090038233,-29.69305969857925,0.0,True,False,True,False
NGC6334I,2022.1.01399.S,15,H2O,H2O_v2_3_13-2_20_232,2,0.05189003422856331,-0.10377797484397888,0.009026606567203999,5.748564960955898,11.496897983903626,-14.684482387723751,0.0,True,False,False,False
NGC6334IN,2016.1.01147.S,4,NaCl,NaCl_v0_J17-16,0,0.028519248589873314,-0.002829405013471842,0.0014634410617873073,19.487801275059635,1.9333918442989952,-16.993590762645123,0.0,True,True,True,True
NGC6334IN,2016.1.01147.S,4,KCl,KCl_v1_J29-28,1,0.03572443872690201,-0.014187543652951717,0.007051446009427309,5.066257144866576,2.0120048616955906,-9.553911396384589,0.0,True,True,False,True
NGC6334IN,2016.1.01147.S,5,NaCl,NaCl_v0_J17-16,0,0.029438044875860214,-0.0026429682038724422,0.0019083075458183885,15.42625817330484,1.38498021960029,-16.993590762645123,0.0,True,True,True,True
NGC6334IN,2016.1.01147.S,5,KCl,KCl_v1_J29-28,1,0.020857641473412514,-0.013325944542884827,0.013960142619907856,1.4940851280178529,0.9545708024416146,-8.892303495464498,0.0,True,False,False,False
NGC6334IN,2022.1.00700.S,2,NaCl,NaCl_v1_J18-17,1,0.002443046309053898,-0.001487146015278995,0.0010155283380299807,2.4056899424324816,1.4644062204742643,-6.038283446109854,0.0,True,False,False,False
NGC6334IN,2022.1.00700.S,2,H2O,H2O_5_15-4_22_232,0,0.001781277358531952,-0.003743127454072237,0.0015655099414288998,1.137825644790293,2.390995646221029,1.7222962425695734,0.0,True,False,True,False
NGC6334IN,2022.1.00700.S,4,NaCl,NaCl_v1_J18-17,1,0.002084034029394388,-0.0028946641832590103,0.001547552878037095,1.3466641812186488,1.8704783690044773,-9.816010608254466,0.0,True,False,False,False
NGC6334IN,2022.1.00700.S,4,H2O,H2O_5_15-4_22_232,0,0.0017570268828421831,-0.002991306595504284,0.0010839368915185332,1.6209678779183256,2.7596685922495316,-13.37699564090278,0.0,True,False,True,False
NGC6334IN,2022.1.00700.S,5,NaCl,NaCl_v1_J18-17,1,0.0026819338090717793,-0.0034909897949546576,0.0009114168351516128,2.942598496796083,3.8302889087778778,-16.112222545161842,0.0,True,False,False,False
NGC6334IN,2022.1.00700.S,5,H2O,H2O_5_15-4_22_232,0,0.002748774364590645,-0.003131562378257513,0.0012995328288525343,2.1152019430072935,2.409760114350193,-18.410092935393564,0.0,True,False,True,False
NGC6334IN,2022.1.00700.S,6,NaCl,NaCl_v1_J18-17,1,0.003097807988524437,-0.0032244441099464893,0.0014086238807067275,2.199173271839052,2.2890738642942345,24.183533851045883,0.0,True,False,False,False
NGC6334IN,2022.1.00700.S,6,H2O,H2O_5_15-4_22_232,0,0.00160062569193542,-0.0019160853698849678,0.0007663684664294124,2.088585011062493,2.5002142622232384,13.046765155173839,0.0,True,False,True,False
Orion_SrcI,2025.1.00236.S,1,NaCl,NaCl_v0_J11-10,0,0.005408693104982376,-0.0008672292460687459,0.00043429702054709196,12.453903317524366,1.9968574616889638,0.8694297311677365,0.0,True,True,True,True
Orion_SrcI,2025.1.00236.S,1,NaCl,NaCl_v0_J12-11,0,0.0010656719096004963,-0.0016441871412098408,0.0005109052290208638,2.0858504651495307,3.218184210721197,4.465385813200963,0.0,True,False,True,False
Orion_SrcI,2025.1.00236.S,1,NaCl,NaCl_v0_J20-19,0,0.008373863995075226,-0.007560506463050842,0.0024504410102963448,3.4172885451596855,3.08536562654757,-3.860280262288172,0.0,True,False,True,False
Orion_SrcI,2025.1.00236.S,1,NaCl,NaCl_v0_J21-20,0,0.002651756163686514,-0.001787239103578031,0.0011401564115658402,2.3257827932965003,1.567538528440599,28.893113733610896,0.0,True,False,True,False
Orion_SrcI,2025.1.00236.S,1,NaCl,NaCl_v1_J20-19,1,0.00571287190541625,-0.02654130570590496,0.00423520989716053,1.3488993566166365,6.266821798773046,-2.660574696206255,0.0,True,False,False,False
Orion_SrcI,2025.1.00236.S,1,NaCl,NaCl_v1_J21-20,1,0.0038373516872525215,-0.003183098277077079,0.0008462294354103506,4.5346469015128585,3.761507392535385,7.330370880844188,0.0,True,False,False,False
Orion_SrcI,2025.1.00236.S,1,NaCl,NaCl_v2_J11-10,2,0.0012967796064913273,-0.0017115812515839934,0.000845511385705322,1.5337222282459972,2.024314847228461,-18.174121898508748,0.0,True,False,False,False
Orion_SrcI,2025.1.00236.S,1,NaCl,NaCl_v2_J12-11,2,0.0015827566385269165,-0.0013781501911580563,0.0005580055294558406,2.8364533234471696,2.4697787358881724,29.227684782694794,0.0,True,False,False,False
Orion_SrcI,2025.1.00236.S,1,KCl,KCl_v0_J20-19,0,0.002000513020902872,-0.0010372954420745373,0.000990952248685062,2.0187784260618415,1.046766323454001,-16.402746573455634,0.0,True,False,True,False
Orion_SrcI,2025.1.00236.S,1,KCl,KCl_v1_J34-33,1,0.004223261494189501,-0.023837093263864517,0.001776159624569118,2.3777488440623853,13.420580523356511,9.494395779730054,0.0,True,False,False,False
Orion_SrcI,2025.1.00236.S,1,KCl,KCl_v1_J36-35,1,0.004033718258142471,-0.003964204341173172,0.0013190462486818433,3.05805673013624,3.0053565939289113,-22.5008982646144,0.0,True,False,False,False
Orion_SrcI,2025.1.00236.S,1,KCl,KCl_v2_J34-33,2,0.0054097711108624935,-0.003250313689932227,0.0005500076222233474,9.835811163841818,5.909579355997248,20.076205305881565,0.0,True,False,False,False
Orion_SrcI,2025.1.00236.S,2,NaCl,NaCl_v0_J11-10,0,0.007381056435406208,-0.00175914925057441,0.0006252445164136589,11.805071842522063,2.813538070936979,-1.1747527368795128,0.0,True,True,True,True
Orion_SrcI,2025.1.00236.S,2,NaCl,NaCl_v0_J12-11,0,0.007602601312100887,-0.0011001061648130417,0.0005090879858471453,14.933766899742913,2.1609352320157695,-1.1574202553044888,0.0,True,True,True,True
Orion_SrcI,2025.1.00236.S,2,NaCl,NaCl_v0_J20-19,0,0.024553615599870682,-0.020760567858815193,0.00686586694791913,3.576185758640758,3.023735824811926,11.89171911744005,0.0,True,False,True,False
Orion_SrcI,2025.1.00236.S,2,NaCl,NaCl_v0_J21-20,0,0.023369887843728065,-0.012261221185326576,0.002361704595386982,9.895347576227561,5.191682824886695,2.1007643022602425,0.0,True,False,True,False
Orion_SrcI,2025.1.00236.S,2,NaCl,NaCl_v1_J20-19,1,0.007421351969242096,-0.11766768246889114,0.0061102150939404964,1.2145811326023292,19.257535235638798,-1.526996129517909,0.0,True,False,False,False
Orion_SrcI,2025.1.00236.S,2,NaCl,NaCl_v1_J21-20,1,0.013249173760414124,-0.004055590834468603,0.0018144305795431137,7.302111147041161,2.235186553948969,0.8519931916368659,0.0,True,True,False,True
Orion_SrcI,2025.1.00236.S,2,NaCl,NaCl_v2_J11-10,2,0.004532649647444487,-0.0029572444036602974,0.0010997584322467446,4.121495698091206,2.688994525478485,-7.800105907528778,0.0,True,False,False,False
Orion_SrcI,2025.1.00236.S,2,NaCl,NaCl_v2_J12-11,2,0.006273073144257069,-0.001723842928186059,0.0009706635610200465,6.462664713265687,1.7759427647356154,-6.911104986714432,0.0,True,True,False,True
Orion_SrcI,2025.1.00236.S,2,KCl,KCl_v0_J20-19,0,0.004012290388345718,-0.003509398316964507,0.0031870556995272636,1.2589332495634957,1.1011411935740743,-20.213320450270317,0.0,True,False,True,False
Orion_SrcI,2025.1.00236.S,2,KCl,KCl_v1_J34-33,1,0.012380143627524376,-0.017200984060764313,0.013396546244621277,0.924129503340834,1.2839864653675586,-24.380177535579655,0.0,True,False,False,False
Orion_SrcI,2025.1.00236.S,2,KCl,KCl_v1_J36-35,1,0.012906631454825401,-0.0035392139106988907,0.0038192886859178543,3.37932859131953,0.9266683410836078,-0.10062058457871899,0.0,True,True,False,False
Orion_SrcI,2025.1.00236.S,2,KCl,KCl_v2_J34-33,2,0.0045174490660429,-0.01914762519299984,0.005367346107959747,0.8416541387825812,3.5674288201023607,-20.825259989331244,0.0,True,False,False,False
