ID,Name,GLON,GLAT,Dist_kpc,theta_200AU_arcsec,n_alma_obs,best_res_arcsec,n_hires_obs
6926,b'HIGALBM14.1017+0.0871',14.101712,0.087108,15.244,0.013119916032537392,0,,0
7701,b'HIGALBM15.3648-0.4168',15.364767,-0.416795,4.687,0.042671218263281414,0,,0
7836,b'HIGALBM15.6649-0.4987',15.66493,-0.498669,14.448,0.013842746400885935,0,,0
8214,b'HIGALBM16.3623-0.2062',16.362312,-0.20625,12.223,0.016362595107584064,20,0.02270310494963598,0
8341,b'HIGALBM16.5849-0.0505',16.584914,-0.050489,4.584,0.04363001745200698,189,0.03833901041023188,4
8470,b'HIGALBM16.8218-0.3482',16.821784,-0.34825,13.86,0.01443001443001443,12,0.28441458764001243,0
8476,b'HIGALBM16.8309+0.0788',16.830871,0.078816,11.588,0.01725923369002416,0,,0
8584,b'HIGALBM16.9443-0.0733',16.944315,-0.073348,12.692,0.01575795776867318,0,,0
8732,b'HIGALBM17.1140-0.1121',17.114028,-0.1121,12.488,0.016015374759769378,0,,0
8946,b'HIGALBM17.4515+0.8113',17.451501,0.811322,2.239,0.08932559178204555,0,,0
9048,b'HIGALBM17.6531+0.1736',17.653108,0.173589,2.264,0.08833922261484099,0,,0
9189,b'HIGALBM17.9639+0.0787',17.96386,0.078662,2.247,0.08900756564307966,5,0.14520450403742535,0
9236,b'HIGALBM18.0728+0.0771',18.072756,0.077102,12.115,0.01650846058605035,0,,0
9286,b'HIGALBM18.1441-0.2981',18.144135,-0.29806,11.997,0.01667083437526048,0,,0
9289,b'HIGALBM18.1466-0.2826',18.146579,-0.282589,4.073,0.04910385465259022,12,0.2667777559740828,0
9334,b'HIGALBM18.2155-0.2231',18.215485,-0.22306,12.011,0.0166514028806927,0,,0
9354,b'HIGALBM18.2429-0.2383',18.242853,-0.238286,4.746,0.04214075010535188,0,,0
9369,b'HIGALBM18.2623-0.2437',18.262277,-0.243693,4.773,0.04190236748376283,16,0.2667151377455513,0
9393,b'HIGALBM18.3021-0.3868',18.302139,-0.386833,2.955,0.0676818950930626,61,0.14533828636842772,0
9462,b'HIGALBM18.4433-0.0051',18.44329,-0.005123,12.027,0.016629250852249106,0,,0
9469,b'HIGALBM18.4611-0.0034',18.461122,-0.003397,12.061,0.016582372937567365,0,,0
9503,b'HIGALBM18.5509+0.0357',18.550913,0.035705,12.962,0.015429717636167259,0,,0
9564,b'HIGALBM18.6544-0.0592',18.654411,-0.059211,12.416,0.01610824742268041,80,0.26646856966118754,0
9569,b'HIGALBM18.6618+0.0356',18.661833,0.035577,10.862,0.018412815319462345,5,1.238710027289681,0
9573,b'HIGALBM18.6674+0.0257',18.667353,0.025726,10.889,0.01836715951878042,16,1.238710027289681,0
9597,b'HIGALBM18.7105+0.0010',18.710532,0.001005,12.134,0.016482610845557938,0,,0
9605,b'HIGALBM18.7353-0.2267',18.73525,-0.226706,12.569,0.015912164850027846,48,0.9046534267271894,0
9616,b'HIGALBM18.7612+0.2634',18.761197,0.263384,14.144,0.01414027149321267,0,,0
9650,b'HIGALBM18.8250-0.4668',18.825009,-0.466843,11.499,0.017392816766675364,4,0.7022472907431836,0
9652,b'HIGALBM18.8331-0.4775',18.833077,-0.477465,11.485,0.0174140182847192,12,0.26687816816810356,0
9653,b'HIGALBM18.8335-0.2995',18.833519,-0.299477,4.644,0.04306632213608958,5,1.2368996832633867,0
9687,b'HIGALBM18.8883-0.4740',18.888343,-0.473996,4.66,0.04291845493562232,158,0.2668527065508594,0
9704,b'HIGALBM18.9064-0.6253',18.906377,-0.625258,11.525,0.01735357917570499,12,0.2668302070094,0
9758,b'HIGALBM19.0027-0.0839',19.002733,-0.083899,11.971,0.016707042018210674,0,,0
9764,b'HIGALBM19.0083-0.0287',19.008332,-0.028656,3.658,0.05467468562055768,30,0.097052714276535,0
9804,b'HIGALBM19.0549-0.2116',19.054866,-0.211562,11.513,0.017371666811430556,0,,0
9820,b'HIGALBM19.0762-0.2872',19.076195,-0.287191,4.583,0.04363953742090334,32,0.26717671679955896,0
9977,b'HIGALBM19.3646-0.0296',19.364641,-0.029579,2.463,0.08120178643930166,53,0.14529254189006757,0
10012,b'HIGALBM19.4728+0.1702',19.472759,0.170228,2.009,0.09955201592832255,5,0.14517664333276864,0
10097,b'HIGALBM19.6068-0.9009',19.60684,-0.900922,13.036,0.015342129487572876,0,,0
10099,b'HIGALBM19.6085-0.1357',19.60852,-0.135687,11.73,0.017050298380221655,0,,0
10101,b'HIGALBM19.6088-0.2348',19.608805,-0.234826,12.557,0.015927371187385523,11,0.8469180670843015,0
10102,b'HIGALBM19.6107-0.1201',19.61072,-0.120079,11.78,0.01697792869269949,0,,0
10103,b'HIGALBM19.6119-0.2554',19.611857,-0.255359,12.556,0.01592863969417012,0,,0
10136,b'HIGALBM19.6799-0.1286',19.679928,-0.128552,11.756,0.01701258931609391,0,,0
10146,b'HIGALBM19.6999-0.2667',19.699857,-0.266736,12.603,0.015869237483138936,0,,0
10155,b'HIGALBM19.7275-0.1129',19.727499,-0.112906,11.686,0.017114495978093443,0,,0
10164,b'HIGALBM19.7545-0.1277',19.754463,-0.127662,11.795,0.01695633743111488,16,1.238441802071529,0
10227,b'HIGALBM19.8834-0.5343',19.883434,-0.534252,3.504,0.05707762557077625,193,0.05416256320967962,7
10308,b'HIGALBM20.0806-0.1352',20.080625,-0.135241,3.392,0.0589622641509434,0,,0
10378,b'HIGALBM20.2367+0.0662',20.236733,0.066191,4.769,0.04193751310547285,8,0.26873892106436253,0
10422,b'HIGALBM20.3633-0.0128',20.363282,-0.012803,12.111,0.01651391297167864,0,,0
10615,b'HIGALBM20.7332-0.0590',20.733229,-0.059007,11.753,0.01701693184718795,0,,0
10623,b'HIGALBM20.7466-0.0903',20.746583,-0.090294,11.726,0.017056114617090227,16,0.2683316799858355,0
10635,b'HIGALBM20.7621-0.0631',20.762084,-0.063093,11.71,0.017079419299743808,4,0.7046040770472853,0
10730,b'HIGALBM20.9915+0.0905',20.991491,0.090507,13.96,0.014326647564469915,0,,0
10880,b'HIGALBM21.3572-0.1763',21.357222,-0.176256,10.321,0.019377967251235344,0,,0
10894,b'HIGALBM21.3857-0.2537',21.385734,-0.253749,10.331,0.019359210144226115,16,1.2363828198708176,0
10912,b'HIGALBM21.4241-0.5425',21.424098,-0.542459,3.956,0.05055611729019211,12,0.26872405029109564,0
10989,b'HIGALBM21.5627-0.0326',21.562677,-0.032584,11.268,0.01774937877174299,8,0.26904706685186386,0
11141,b'HIGALBM21.8744+0.0081',21.874377,0.00812,13.815,0.014477017734346724,0,,0
11219,b'HIGALBM22.0385+0.2227',22.038519,0.222656,3.734,0.05356186395286556,70,0.050020588015164145,7
11367,b'HIGALBM22.3562+0.0668',22.356237,0.066816,5.259,0.038030043734550295,66,0.14617044583405242,0
11410,b'HIGALBM22.4349-0.1688',22.434948,-0.168758,2.398,0.08340283569641367,8,0.26944000875647794,0
11550,b'HIGALBM22.7234-0.0110',22.723358,-0.011007,10.859,0.018417902200939314,0,,0
11708,b'HIGALBM23.0098-0.4104',23.009812,-0.410385,4.804,0.041631973355537054,69,0.1171837912970542,0
11824,b'HIGALBM23.2000+0.0006',23.200017,0.000612,5.588,0.03579098067287044,74,0.020567874326730122,4
11826,b'HIGALBM23.2066-0.3776',23.206558,-0.37758,10.742,0.01861850679575498,143,0.2413761331425318,0
11865,b'HIGALBM23.2649+0.0767',23.264893,0.076665,10.074,0.01985308715505261,24,0.27107451702750773,0
11872,b'HIGALBM23.2711-0.2559',23.271147,-0.255887,4.966,0.04027386226339106,24,0.15593386810499393,0
11936,b'HIGALBM23.3891+0.1857',23.389077,0.185668,10.809,0.01850309926912758,40,0.024118520786086912,0
11951,b'HIGALBM23.4105-0.2273',23.410549,-0.22726,5.973,0.03348401138456387,8,1.828861794411124,0
11955,b'HIGALBM23.4204-0.2339',23.420382,-0.233934,5.996,0.0333555703802535,12,1.828861794411124,0
11964,b'HIGALBM23.4362-0.1839',23.436221,-0.183892,5.874,0.03404834865509023,61,0.156021226811354,0
11982,b'HIGALBM23.4553-0.2006',23.455336,-0.200636,5.939,0.03367570298029971,4,10.545530176383798,0
11983,b'HIGALBM23.4565+0.0619',23.456465,0.061895,5.16,0.03875968992248062,84,0.1562433532134379,0
12002,b'HIGALBM23.4835+0.0968',23.483458,0.096849,5.245,0.03813155386081983,41,0.15638291699832016,0
12043,b'HIGALBM23.5687+0.0142',23.568663,0.014183,6.114,0.03271180896303565,24,0.15703560124790752,0
12048,b'HIGALBM23.5846+0.0301',23.584601,0.030087,9.896,0.02021018593371059,8,1.7063598632159414,0
12053,b'HIGALBM23.6007-0.0143',23.600675,-0.014283,3.765,0.05312084993359894,16,1.135178323006473,0
12086,b'HIGALBM23.6567-0.1271',23.656739,-0.127072,5.006,0.03995205753096284,31,0.024118086906869788,4
12116,b'HIGALBM23.7070-0.1979',23.706974,-0.197896,11.067,0.018071744826963044,36,0.15698647034385374,0
12121,b'HIGALBM23.7108+0.1712',23.710829,0.171161,6.474,0.030892801977139325,40,0.15724689467481698,0
12228,b'HIGALBM23.8987+0.0649',23.898661,0.064943,12.574,0.01590583744234134,0,,0
12249,b'HIGALBM23.9527+0.1516',23.95266,0.151619,4.974,0.04020908725371934,74,0.2675324414310242,0
12251,b'HIGALBM23.9562+0.1490',23.956215,0.148956,4.959,0.04033071183706392,74,0.2675324414310242,0
12258,b'HIGALBM23.9658-0.1091',23.965831,-0.109064,10.882,0.01837897445322551,49,0.048464209604630513,0
12275,b'HIGALBM23.9963-0.0990',23.996291,-0.098985,10.905,0.018340210912425492,12,1.805533812667223,0
12339,b'HIGALBM24.1248+0.1175',24.124799,0.117522,3.689,0.05421523448088913,8,1.743837278073046,0
12366,b'HIGALBM24.1835+0.1205',24.18349,0.120507,9.034,0.022138587558113793,28,1.234297569086742,0
12446,b'HIGALBM24.3286+0.1448',24.328641,0.144765,9.03,0.0221483942414175,33,0.14217234624871983,0
12508,b'HIGALBM24.4423-0.2273',24.442279,-0.227256,3.922,0.05099439061703213,91,0.02239902070449245,8
12516,b'HIGALBM24.4524+0.4885',24.452356,0.488485,9.489,0.021077036568658447,8,1.696146774707678,0
12526,b'HIGALBM24.4620+0.1983',24.46203,0.198341,8.54,0.0234192037470726,16,0.15757571293776237,0
12531,b'HIGALBM24.4688+0.4962',24.468752,0.496249,9.483,0.021090372245070127,44,0.26685406482802987,0
12532,b'HIGALBM24.4729+0.4865',24.472924,0.486479,5.969,0.03350644999162339,44,0.26653790833982466,0
12542,b'HIGALBM24.4920-0.0379',24.491972,-0.037891,6.367,0.03141196795979268,56,0.15755220755983138,0
12552,b'HIGALBM24.5065-0.2214',24.506498,-0.221427,5.845,0.03421727972626176,24,0.15762842858112017,0
12581,b'HIGALBM24.5455-0.2443',24.545501,-0.244295,9.674,0.02067397146991937,32,0.15753610918200317,0
12633,b'HIGALBM24.6339-0.3231',24.633943,-0.323123,12.306,0.01625223468226881,36,0.023372227306746637,0
12653,b'HIGALBM24.6757-0.1496',24.675672,-0.149566,8.936,0.022381378692927483,56,0.1564907973014352,0
12679,b'HIGALBM24.7295+0.1537',24.7295,0.153689,9.17,0.021810250817884406,24,0.15602791037017358,0
12698,b'HIGALBM24.7548+0.0935',24.754762,0.093528,9.106,0.021963540522732264,8,11.211256734126902,0
12721,b'HIGALBM24.8125+0.1040',24.812468,0.104003,6.266,0.031918289179699966,8,1.7305661211586498,0
12724,b'HIGALBM24.8189+0.1311',24.8189,0.131144,6.215,0.032180209171359615,0,,0
12741,b'HIGALBM24.8500+0.0879',24.849975,0.087914,5.935,0.03369839932603201,12,0.15539520029592696,0
12782,b'HIGALBM24.9194+0.0887',24.919361,0.088703,3.21,0.06230529595015576,0,,0
12786,b'HIGALBM24.9244+0.0786',24.924375,0.078626,3.198,0.06253908692933083,0,,0
12795,b'HIGALBM24.9428+0.0744',24.942843,0.074385,6.145,0.03254678600488202,0,,0
13046,b'HIGALBM25.3546-0.1887',25.354636,-0.188687,4.038,0.04952947003467063,0,,0
13069,b'HIGALBM25.3824-0.1811',25.382439,-0.181124,4.226,0.047326076668244205,34,0.057809918339255216,0
13071,b'HIGALBM25.3831-0.1479',25.383142,-0.147881,5.651,0.03539196602371262,18,0.15562752013333592,0
13076,b'HIGALBM25.3947+0.0340',25.394734,0.034043,8.978,0.022276676319893073,4,0.6718582138276747,0
13077,b'HIGALBM25.3972+0.5618',25.397188,0.561795,14.004,0.014281633818908884,16,1.2380088104223081,0
13080,b'HIGALBM25.3986-0.1409',25.398625,-0.140924,5.675,0.03524229074889868,48,0.15552565726813858,0
13089,b'HIGALBM25.4107+0.1054',25.410652,0.105435,11.578,0.017274140611504576,24,0.023393717930800695,0
13094,b'HIGALBM25.4157-0.1733',25.415663,-0.17331,4.214,0.04746084480303749,0,,0
13127,b'HIGALBM25.4569-0.2096',25.456902,-0.209619,8.259,0.0242160067804819,12,0.1554849196145143,0
13263,b'HIGALBM25.6497+1.0492',25.649721,1.049248,12.238,0.016342539630658605,96,0.16517435483992432,0
13303,b'HIGALBM25.7095+0.0443',25.709506,0.044294,9.496,0.02106149957877001,8,0.2696497401385683,0
13360,b'HIGALBM25.7951+0.2411',25.795146,0.241122,8.89,0.02249718785151856,12,0.1547266594794561,0
13366,b'HIGALBM25.8013-0.1565',25.801282,-0.156536,5.602,0.03570153516601214,12,0.155110299400019,0
13367,b'HIGALBM25.8031-0.0417',25.803111,-0.041699,5.461,0.03662332906061161,18,0.1545019155429115,0
13388,b'HIGALBM25.8253-0.1777',25.825309,-0.17772,5.585,0.03581020590868397,69,0.15454479758656925,0
13533,b'HIGALBM26.0913-0.0562',26.091336,-0.056232,9.192,0.02175805047867711,0,,0
13540,b'HIGALBM26.1091-0.0934',26.109089,-0.093393,9.159,0.021836445026749644,0,,0
13786,b'HIGALBM26.5093+0.2822',26.509251,0.282168,5.949,0.03361909564632711,38,0.0514293346271896,0
13815,b'HIGALBM26.5448+0.4169',26.544827,0.416927,9.998,0.020004000800160033,0,,0
13860,b'HIGALBM26.5975-0.0237',26.59754,-0.023682,1.845,0.10840108401084012,8,0.2697782678937816,0
13863,b'HIGALBM26.6007-0.2209',26.600696,-0.22094,8.831,0.022647491790284226,8,0.2697627689006424,0
13869,b'HIGALBM26.6087-0.2120',26.608675,-0.211995,8.827,0.022657754616517502,0,,0
14158,b'HIGALBM27.1741-0.0080',27.174097,-0.007964,9.057,0.02208236722976703,0,,0
14167,b'HIGALBM27.1855-0.0818',27.185485,-0.081806,13.131,0.01523113243469652,0,,0
14212,b'HIGALBM27.2795+0.1443',27.279544,0.144283,12.745,0.01569242840329541,0,,0
14216,b'HIGALBM27.2865+0.1509',27.286547,0.150939,12.732,0.015708451146716932,8,0.2702357503889528,0
14267,b'HIGALBM27.3651-0.1661',27.365145,-0.166106,5.504,0.036337209302325583,35,0.24926908849583654,0
14330,b'HIGALBM27.4941+0.1888',27.494128,0.188843,9.417,0.02123818625889349,6,10.772898137987227,0
14369,b'HIGALBM27.5633+0.0846',27.563292,0.084552,9.94,0.02012072434607646,4,5.2394909243597745,0
14463,b'HIGALBM27.7571+0.0502',27.757084,0.050164,5.921,0.03377807802736024,12,0.15250099979330134,0
14473,b'HIGALBM27.7835+0.0564',27.783454,0.056412,5.982,0.03343363423604146,12,0.15237582748257708,0
14542,b'HIGALBM27.9351+0.2056',27.935076,0.205606,12.091,0.01654122901331569,0,,0
14561,b'HIGALBM27.9776+0.0783',27.977563,0.078272,10.406,0.019219680953296174,12,0.2809070589426674,0
14631,b'HIGALBM28.1467-0.0039',28.146686,-0.003924,5.887,0.033973161202649906,24,0.15207641162901117,0
14661,b'HIGALBM28.2005-0.0492',28.200482,-0.04921,9.161,0.021831677764436196,38,0.0270223247983351,0
14679,b'HIGALBM28.2443+0.0131',28.24427,0.013085,8.423,0.023744509082274726,0,,0
14693,b'HIGALBM28.2852-0.3611',28.285221,-0.361122,11.686,0.017114495978093443,60,0.2709529319768211,0
14697,b'HIGALBM28.2877-0.3644',28.28772,-0.364412,11.686,0.017114495978093443,52,0.280649239463335,0
14710,b'HIGALBM28.3121-0.3953',28.312112,-0.395258,9.801,0.020406081012141617,0,,0
14714,b'HIGALBM28.3212-0.0106',28.321204,-0.010606,4.916,0.04068348250610252,12,0.15141791324747172,0
14718,b'HIGALBM28.3264+0.1614',28.326426,0.161371,10.029,0.01994216771363047,12,0.28194508957023895,0
14724,b'HIGALBM28.3374+0.1191',28.337414,0.119148,4.918,0.040666937779585195,16,0.28091545680600066,0
14762,b'HIGALBM28.3971+0.0805',28.397054,0.080548,4.852,0.041220115416323165,87,0.05200499595466804,0
14795,b'HIGALBM28.4519+0.0028',28.451885,0.002792,10.013,0.019974033756117046,0,,0
14867,b'HIGALBM28.6084+0.0188',28.608449,0.018795,8.787,0.022760896779333104,0,,0
14888,b'HIGALBM28.6528+0.0275',28.652756,0.027471,8.473,0.02360439041661749,0,,0
14893,b'HIGALBM28.6609+0.0403',28.660932,0.040311,8.426,0.023736055067647758,0,,0
14902,b'HIGALBM28.6873-0.2823',28.6873,-0.282285,5.376,0.03720238095238095,0,,0
14903,b'HIGALBM28.6874+0.1773',28.687427,0.177271,5.104,0.03918495297805643,16,1.1334068580687746,0
14973,b'HIGALBM28.7883+0.2388',28.78827,0.238764,8.133,0.024591171769334813,0,,0
14990,b'HIGALBM28.8097+0.1698',28.809687,0.16983,8.42,0.023752969121140142,12,0.15699346301891093,0
14997,b'HIGALBM28.8175+0.3655',28.817482,0.365523,9.626,0.02077706212341575,8,0.2717072826817819,0
15007,b'HIGALBM28.8328-0.2524',28.832836,-0.252379,5.315,0.03762935089369708,50,0.15869439154203874,0
15028,b'HIGALBM28.8625+0.0661',28.862457,0.066077,8.796,0.022737608003638016,40,0.15829419515784648,0
15420,b'HIGALBM29.4752-0.1771',29.475196,-0.177104,8.21,0.024360535931790498,0,,0
15598,b'HIGALBM29.7707+0.2160',29.770718,0.216032,5.092,0.03927729772191673,0,,0
15647,b'HIGALBM29.8623-0.0437',29.862294,-0.043709,8.538,0.023424689622862496,24,0.1564653887367355,0
15660,b'HIGALBM29.8834+0.0044',29.883434,0.004375,5.939,0.03367570298029971,0,,0
15662,b'HIGALBM29.8873-0.7810',29.88728,-0.780998,9.608,0.020815986677768527,50,0.28212221102619267,0
15687,b'HIGALBM29.9248-0.0557',29.924786,-0.055736,6.119,0.03268507926131721,0,,0
15697,b'HIGALBM29.9363-0.0517',29.93626,-0.05168,6.16,0.032467532467532464,12,0.15643801146124114,0
15712,b'HIGALBM29.9557-0.0160',29.955715,-0.015967,8.634,0.02316423442205235,145,0.026731137595641715,0
15749,b'HIGALBM30.0096-0.2732',30.009615,-0.273199,6.651,0.030070666065253344,0,,0
15757,b'HIGALBM30.0189-0.0444',30.018883,-0.044368,8.978,0.022276676319893073,0,,0
15761,b'HIGALBM30.0254-0.0389',30.025392,-0.038896,8.976,0.022281639928698752,0,,0
15857,b'HIGALBM30.1982-0.1690',30.198162,-0.168972,6.661,0.030025521693439423,24,0.15639145801005797,0
15862,b'HIGALBM30.2141-0.1845',30.214053,-0.184479,6.74,0.02967359050445104,4,0.6827330323890908,0
15868,b'HIGALBM30.2243-0.1800',30.224291,-0.179982,6.748,0.02963841138114997,0,,0
15887,b'HIGALBM30.2530+0.0540',30.252962,0.054013,10.203,0.019602077820248948,0,,0
15908,b'HIGALBM30.2960+0.0556',30.296009,0.055611,8.8,0.022727272727272728,12,0.15581096103472766,0
15967,b'HIGALBM30.3863-0.1052',30.386319,-0.105152,9.304,0.021496130696474634,40,0.15572659970124778,0
15986,b'HIGALBM30.4193-0.2321',30.41929,-0.232107,6.77,0.029542097488921712,0,,0
16072,b'HIGALBM30.5348+0.0211',30.534807,0.02111,11.853,0.01687336539272758,8,4.445236143533986,0
16106,b'HIGALBM30.5889-0.0426',30.588866,-0.042563,9.051,0.02209700585570655,16,1.1387640678562978,0
16111,b'HIGALBM30.6039+0.1763',30.603856,0.176269,6.984,0.0286368843069874,14,1.1622943627388729,0
16156,b'HIGALBM30.6853-0.2615',30.68526,-0.261517,8.104,0.0246791707798618,0,,0
16157,b'HIGALBM30.6867-0.0612',30.686728,-0.061218,9.145,0.02186987424822307,16,0.24559281251101361,0
16159,b'HIGALBM30.6874-0.0717',30.687414,-0.071726,8.747,0.022864982279638735,36,0.24559281251101361,0
16169,b'HIGALBM30.6975-0.0680',30.697535,-0.067952,8.866,0.022558087074216106,119,0.24559281251101361,0
16177,b'HIGALBM30.7194-0.0151',30.719404,-0.015107,8.915,0.022434099831744252,0,,0
16178,b'HIGALBM30.7202-0.0824',30.720187,-0.082372,8.795,0.02274019329164298,123,0.15648194458702053,0
16195,b'HIGALBM30.7461-0.0030',30.746067,-0.002964,5.707,0.035044681969511125,0,,0
16199,b'HIGALBM30.7509+0.0156',30.750891,0.015627,8.842,0.022619316896629722,0,,0
16200,b'HIGALBM30.7528-0.0505',30.752819,-0.050458,8.811,0.022698899103393486,42,0.46863719956883115,0
16203,b'HIGALBM30.7562+0.0029',30.756233,0.0029,5.71,0.03502626970227671,0,,0
16204,b'HIGALBM30.7578+0.2050',30.757813,0.204954,6.265,0.03192338387869114,16,1.140151726061266,0
16208,b'HIGALBM30.7623+0.2058',30.762258,0.20584,6.265,0.03192338387869114,16,1.140151726061266,0
16211,b'HIGALBM30.7636-0.0298',30.763583,-0.029834,5.864,0.034106412005457026,16,1.1395120512734418,0
16212,b'HIGALBM30.7676-0.0451',30.767626,-0.045091,5.772,0.03465003465003465,9,1.1395120512734418,0
16217,b'HIGALBM30.7746-0.2199',30.774616,-0.219906,7.823,0.0255656397801355,0,,0
16226,b'HIGALBM30.7882+0.2036',30.788185,0.203591,9.49,0.02107481559536354,8,0.27722725593398057,0
16236,b'HIGALBM30.8114-0.0238',30.811354,-0.02384,8.754,0.022846698652044778,0,,0
16237,b'HIGALBM30.8114-0.0495',30.811364,-0.049521,8.587,0.0232910213112845,165,0.06316645012619759,0
16244,b'HIGALBM30.8187+0.2732',30.818719,0.273247,6.166,0.032435939020434644,40,0.15655694597404649,0
16281,b'HIGALBM30.8664+0.1143',30.86635,0.114274,8.485,0.02357100766057749,0,,0
16288,b'HIGALBM30.8763+0.1255',30.876258,0.125521,6.037,0.033129037601457675,0,,0
16342,b'HIGALBM30.9589+0.0865',30.958872,0.086454,11.825,0.016913319238900635,0,,0
16352,b'HIGALBM30.9727-0.1414',30.972692,-0.141403,4.908,0.040749796251018745,14,1.1693575661062272,0
16366,b'HIGALBM30.9968-0.0759',30.99682,-0.075932,9.597,0.02083984578514119,0,,0
16403,b'HIGALBM31.0475+0.3558',31.047521,0.355828,9.749,0.020514924607652068,8,0.2780750297656325,0
16423,b'HIGALBM31.0690+0.0474',31.069017,0.047388,11.913,0.01678838243935197,0,,0
16467,b'HIGALBM31.1590+0.0460',31.159,0.046034,11.84,0.016891891891891893,26,0.047906509766995925,0
16501,b'HIGALBM31.2430-0.1105',31.243047,-0.11053,9.626,0.02077706212341575,0,,0
16565,b'HIGALBM31.3866-0.2682',31.386562,-0.268197,9.086,0.02201188641866608,20,11.819733664375239,0
16571,b'HIGALBM31.3959-0.2577',31.395913,-0.257711,9.056,0.022084805653710248,44,0.27367270291679985,0
16668,b'HIGALBM31.5817+0.0771',31.581693,0.077075,6.082,0.03288391976323578,58,0.021501330221574105,4
16937,b'HIGALBM32.0449+0.0590',32.044944,0.058971,6.202,0.032247662044501774,8,0.27926793746464146,0
16983,b'HIGALBM32.1173+0.0907',32.117325,0.090724,8.111,0.024657872025644186,0,,0
17067,b'HIGALBM32.2727-0.2255',32.27271,-0.225485,12.802,0.015622558975160131,0,,0
17155,b'HIGALBM32.4725+0.2040',32.472537,0.20395,3.291,0.060771801883925856,6,11.868016924170497,0
17269,b'HIGALBM32.7443-0.0750',32.744281,-0.075036,11.772,0.016989466530750934,8,0.27993903059273323,0
17271,b'HIGALBM32.7493-0.0638',32.749257,-0.063823,11.757,0.017011142298205325,0,,0
17291,b'HIGALBM32.7965+0.1911',32.796498,0.191137,13.204,0.015146925174189639,36,0.27491679582655854,0
17298,b'HIGALBM32.8211-0.3299',32.821079,-0.329937,9.26,0.02159827213822894,0,,0
17350,b'HIGALBM32.9273+0.6065',32.927251,0.606499,8.36,0.023923444976076555,0,,0
17381,b'HIGALBM32.9918+0.0342',32.991761,0.03421,9.021,0.022170491076377342,8,0.2805466189470981,0
17441,b'HIGALBM33.1332-0.0922',33.133202,-0.092246,9.386,0.021308331557639035,12,0.2808776193534353,0
17652,b'HIGALBM33.6416-0.2277',33.64165,-0.22774,10.217,0.01957521777429774,8,0.28122308684577024,0
17730,b'HIGALBM33.8103-0.1865',33.810343,-0.186519,10.931,0.018296587686396488,0,,0
17788,b'HIGALBM33.9915-0.0035',33.991491,-0.003492,3.9,0.05128205128205128,0,,0
17840,b'HIGALBM34.0966+0.0179',34.096635,0.017863,3.662,0.054614964500273075,8,0.28204361158275953,0
17851,b'HIGALBM34.1326+0.4706',34.132629,0.470628,11.67,0.01713796058269066,0,,0
17879,b'HIGALBM34.1966-0.5919',34.19657,-0.591946,10.249,0.019514098936481608,0,,0
17900,b'HIGALBM34.2313+0.1352',34.23132,0.135177,3.727,0.053662463107056614,0,,0
17906,b'HIGALBM34.2428+0.1351',34.242842,0.135127,3.711,0.05389382915656157,8,0.28229647953009285,0
17910,b'HIGALBM34.2461+0.1611',34.246054,0.161083,3.693,0.05415651232060655,59,0.21296332638777718,0
17967,b'HIGALBM34.4031+0.2284',34.403068,0.228351,3.726,0.05367686527106817,155,0.02524221168573127,12
17970,b'HIGALBM34.4111+0.2354',34.411069,0.23545,3.744,0.053418803418803416,174,0.04978372206149276,4
18095,b'HIGALBM34.7120-0.5945',34.71198,-0.594524,3.002,0.06662225183211193,7,2.910575781190931,0
18130,b'HIGALBM34.7565+0.0253',34.756489,0.025305,3.02,0.06622516556291391,4,0.677697793118203,0
18159,b'HIGALBM34.8210+0.3526',34.820964,0.352551,3.785,0.052840158520475564,8,0.024215528832948682,4
18241,b'HIGALBM35.0244+0.3505',35.024351,0.350513,3.433,0.058258083309059135,96,0.049921531424039975,4
18258,b'HIGALBM35.0529-0.5170',35.052852,-0.517045,10.6,0.018867924528301886,0,,0
18290,b'HIGALBM35.1320-0.7435',35.132008,-0.743465,2.214,0.09033423667570009,37,0.02845098505629524,8
18296,b'HIGALBM35.1445-0.7553',35.144525,-0.75531,2.257,0.08861320336730173,0,,0
18320,b'HIGALBM35.1968-0.7421',35.196755,-0.742103,2.347,0.08521516829995739,176,0.03065794558932072,17
18472,b'HIGALBM35.4673+0.1392',35.467324,0.139212,8.78,0.022779043280182234,82,0.2782402415945968,0
18533,b'HIGALBM35.5737+0.0677',35.573691,0.067748,10.537,0.018980734554427257,0,,0
18537,b'HIGALBM35.5783-0.0303',35.578347,-0.030252,10.346,0.019331142470520007,11,23.282212497487215,0
18636,b'HIGALBM35.7464+0.1568',35.746445,0.156791,5.611,0.03564427018356799,0,,0
18649,b'HIGALBM35.7927-0.1742',35.792689,-0.174205,3.946,0.05068423720223011,8,0.49932561562479344,0
18783,b'HIGALBM36.1156+0.5529',36.115585,0.552853,8.686,0.023025558369790467,8,0.5010037454997087,0
18916,b'HIGALBM36.4064+0.0225',36.406354,0.022513,9.977,0.02004610604390097,0,,0
19207,b'HIGALBM37.0434-0.0350',37.04344,-0.034991,5.626,0.03554923569143263,0,,0
19330,b'HIGALBM37.3410-0.0632',37.340977,-0.063207,9.827,0.020352091177368473,0,,0
19410,b'HIGALBM37.4981+0.5302',37.498051,0.530157,12.846,0.015569048731122529,0,,0
19430,b'HIGALBM37.5459-0.1119',37.54592,-0.111851,7.065,0.028308563340410473,0,,0
19530,b'HIGALBM37.7349-0.1119',37.734898,-0.111941,10.381,0.019265966669877663,0,,0
19546,b'HIGALBM37.7634-0.2140',37.763356,-0.213951,9.3,0.021505376344086023,0,,0
19570,b'HIGALBM37.8196+0.4124',37.819649,0.412395,12.205,0.01638672675133142,0,,0
19592,b'HIGALBM37.8686-0.6004',37.868587,-0.600355,10.022,0.019956096587507483,0,,0
19595,b'HIGALBM37.8729-0.3989',37.872931,-0.398945,9.354,0.021381227282446014,9,0.6853890119194377,0
19712,b'HIGALBM38.1189-0.2284',38.11888,-0.228362,4.192,0.04770992366412214,8,0.5039906758271447,0
19978,b'HIGALBM38.6931-0.4520',38.693092,-0.451964,9.906,0.02018978396931153,0,,0
20046,b'HIGALBM38.8755+0.3084',38.875484,0.308421,11.988,0.01668335001668335,0,,0
20063,b'HIGALBM38.9214-0.3515',38.921355,-0.351531,10.576,0.018910741301059002,0,,0
20075,b'HIGALBM38.9373-0.3826',38.937251,-0.382588,10.505,0.01903855306996668,4,9.175548792871611,0
20136,b'HIGALBM39.1003+0.4916',39.100305,0.491607,11.669,0.01713942925700574,8,0.5112663960287799,0
20263,b'HIGALBM39.3877-0.1401',39.387746,-0.140138,4.548,0.04397537379067722,0,,0
20309,b'HIGALBM39.4947-0.9928',39.49473,-0.992756,3.545,0.056417489421720736,0,,0
20467,b'HIGALBM39.8824-0.3456',39.882424,-0.345591,9.032,0.022143489813994686,0,,0
20594,b'HIGALBM40.2821-0.2188',40.282087,-0.218801,5.357,0.037334328915437746,8,0.510425827302121,0
20647,b'HIGALBM40.4249+0.7005',40.424924,0.700452,12.145,0.016467682173734045,8,0.5138858624590587,0
20699,b'HIGALBM40.5968-0.7183',40.596817,-0.718324,8.265,0.024198427102238355,0,,0
20711,b'HIGALBM40.6222-0.1379',40.622152,-0.137878,2.214,0.09033423667570009,45,0.5113699502853362,0
20980,b'HIGALBM41.3787+0.0361',41.378673,0.03609,8.621,0.023199164830066118,0,,0
21097,b'HIGALBM41.7420+0.0978',41.741958,0.097836,11.754,0.017015484090522375,8,4.535152955035456,0
21243,b'HIGALBM42.0979+0.3518',42.097852,0.351831,10.0,0.02,0,,0
21248,b'HIGALBM42.1094-0.4462',42.109386,-0.446223,8.721,0.022933149868134387,38,0.4733691127123936,0
21379,b'HIGALBM42.4351-0.2601',42.435148,-0.260104,7.78,0.02570694087403599,4,0.7041830996445798,0
21518,b'HIGALBM42.8324-0.1429',42.83237,-0.142918,8.09,0.024721878862793572,0,,0
21577,b'HIGALBM43.0379-0.4528',43.037933,-0.452783,8.315,0.024052916416115455,8,0.4702313866832996,0
21618,b'HIGALBM43.1483+0.0133',43.148308,0.01329,11.942,0.016747613465081225,38,0.1351260307541805,0
21619,b'HIGALBM43.1484+0.0271',43.148442,0.027085,11.985,0.016687526074259492,14,1.7614049425281377,0
21622,b'HIGALBM43.1593+0.0296',43.159324,0.029632,12.025,0.016632016632016633,22,1.7614049425281377,0
21629,b'HIGALBM43.1706-0.0004',43.170647,-0.000396,11.895,0.016813787305590584,38,0.1351260307541805,0
21632,b'HIGALBM43.1764+0.0157',43.176429,0.015673,11.894,0.016815200941651252,38,0.1351260307541805,0
21634,b'HIGALBM43.1769-0.0310',43.176857,-0.031027,11.649,0.017168855695767878,0,,0
21635,b'HIGALBM43.1777-0.5180',43.177738,-0.518016,8.228,0.024307243558580455,32,0.27934969590543896,0
21641,b'HIGALBM43.1842-0.0156',43.184213,-0.015618,11.763,0.017002465357476834,5,12.413857555991184,0
21667,b'HIGALBM43.2373-0.0453',43.237327,-0.045333,11.966,0.01671402306535183,16,4.836516890805494,0
21696,b'HIGALBM43.3063-0.2108',43.306336,-0.210776,4.425,0.04519774011299435,12,0.7069115923905231,0
21844,b'HIGALBM43.7954-0.1272',43.795369,-0.127201,9.215,0.02170374389582203,44,0.19165933850475536,0
21880,b'HIGALBM43.8896-0.7837',43.88956,-0.783653,8.298,0.024102193299590263,20,0.47137492144655346,0
21923,b'HIGALBM43.9953-0.0115',43.995305,-0.011505,7.0,0.02857142857142857,0,,0
22030,b'HIGALBM44.3105+0.0413',44.310464,0.041299,7.969,0.025097251850922323,0,,0
22295,b'HIGALBM45.0716+0.1326',45.071603,0.132582,7.453,0.026834831611431638,12,0.18723545500262026,0
22326,b'HIGALBM45.1368+0.1441',45.136779,0.144095,7.46,0.02680965147453083,0,,0
22472,b'HIGALBM45.4544+0.0604',45.454377,0.060389,7.283,0.027461211039406838,0,,0
22476,b'HIGALBM45.4632+0.0285',45.4632,0.028543,7.23,0.027662517289073305,0,,0
22478,b'HIGALBM45.4656+0.0458',45.465611,0.04583,7.228,0.02767017155506364,77,0.01277206607921963,16
22482,b'HIGALBM45.4729+0.1336',45.472948,0.133559,6.953,0.028764562059542642,16,0.4768032330188516,0
22485,b'HIGALBM45.4787+0.0552',45.47867,0.05523,7.27,0.027510316368638238,0,,0
22517,b'HIGALBM45.5432-0.0068',45.543178,-0.00678,7.369,0.02714072465734835,0,,0
22600,b'HIGALBM45.8043-0.3559',45.804252,-0.355898,7.12,0.028089887640449437,12,0.47713942163522033,0
22612,b'HIGALBM45.8294-0.2913',45.829408,-0.291291,6.73,0.029717682020802376,0,,0
22648,b'HIGALBM45.9283-0.3943',45.928276,-0.394314,5.185,0.03857280617164899,0,,0
22650,b'HIGALBM45.9359-0.4020',45.935891,-0.402035,6.631,0.03016136329362087,4,0.7196476718149338,0
23409,b'HIGALBM48.6063+0.0232',48.60628,0.023239,9.99,0.02002002002002002,0,,0
23826,b'HIGALBM49.3698-0.3012',49.369783,-0.301239,6.482,0.030854674483184203,22,5.771940987100865,0
23831,b'HIGALBM49.3776-0.2591',49.377551,-0.259092,6.722,0.02975304968759298,0,,0
23839,b'HIGALBM49.3899-0.3253',49.389915,-0.325257,6.126,0.0326477309826967,0,,0
23845,b'HIGALBM49.3952-0.2949',49.395194,-0.294854,6.31,0.03169572107765452,0,,0
24283,b'HIGALBM50.2211-0.6061',50.221084,-0.606101,3.217,0.062169723344731115,4,0.7316003548222864,0
24309,b'HIGALBM50.3149+0.6762',50.31488,0.676236,8.931,0.02239390885679095,0,,0
24796,b'HIGALBM51.6783+0.7195',51.678306,0.719549,10.558,0.018942981625307824,0,,0
24994,b'HIGALBM52.1016+1.0418',52.101611,1.04184,6.842,0.029231218941829874,0,,0
25044,b'HIGALBM52.2020+0.7217',52.202036,0.72169,10.403,0.019225223493223108,8,0.3061925402622164,0
25246,b'HIGALBM52.7536+0.3348',52.75363,0.334831,4.289,0.046630916297505244,0,,0
25367,b'HIGALBM53.0367+0.1128',53.036657,0.1128,10.037,0.019926272790674503,0,,0
25404,b'HIGALBM53.1419+0.0710',53.141854,0.070984,1.618,0.12360939431396786,4,0.3343098170305052,0
25551,b'HIGALBM53.6180+0.0358',53.617957,0.035798,1.805,0.11080332409972299,8,0.3069242870254656,0
25670,b'HIGALBM53.9589+0.0321',53.958863,0.032098,8.149,0.024542888697999758,0,,0
25708,b'HIGALBM54.0932-0.0686',54.093202,-0.068619,6.134,0.032605151613955004,0,,0
25717,b'HIGALBM54.1101-0.0810',54.11008,-0.081031,6.24,0.03205128205128205,0,,0
25991,b'HIGALBM55.1578-0.2988',55.157755,-0.298837,4.279,0.046739892498247254,0,,0
26053,b'HIGALBM55.3710+0.1860',55.371001,0.186002,6.581,0.0303905181583346,0,,0
26289,b'HIGALBM56.3698-0.6330',56.369779,-0.633001,6.497,0.030783438510081577,0,,0
26514,b'HIGALBM57.5481-0.2712',57.548098,-0.271233,9.141,0.021879444262115744,0,,0
26780,b'HIGALBM58.7738+0.6452',58.773816,0.64525,3.459,0.05782017924255565,30,0.508272627143104,0
26904,b'HIGALBM59.3611-0.2066',59.361062,-0.206592,5.644,0.03543586109142452,0,,0
26989,b'HIGALBM59.6331-0.1917',59.633108,-0.191691,2.16,0.09259259259259259,0,,0
27039,b'HIGALBM59.7826+0.0650',59.782608,0.065,2.033,0.09837678307919331,36,0.02520670095554678,4
27292,b'HIGALBM60.5751-0.1859',60.575088,-0.185943,0.186,1.075268817204301,8,0.5120809025285914,4
27371,b'HIGALBM60.8714-0.1065',60.871441,-0.106522,2.098,0.09532888465204957,0,,0
27374,b'HIGALBM60.8837-0.1283',60.883669,-0.128285,2.138,0.09354536950420954,0,,0
27502,b'HIGALBM61.4603+0.0821',61.460339,0.082113,5.941,0.033664366268305,0,,0
27508,b'HIGALBM61.4767+0.0901',61.476744,0.090085,6.014,0.03325573661456601,22,6.477018240004041,0
27923,b'HIGALBM63.0547-0.3441',63.054653,-0.344085,8.91,0.02244668911335578,0,,0
27952,b'HIGALBM63.1148+0.3419',63.114796,0.341926,2.2,0.09090909090909091,0,,0
28322,b'HIGALBM64.8131+0.1750',64.813077,0.174953,9.055,0.022087244616234125,19,0.10785995619665613,0
28754,b'HIGALBM289.8802-0.7972',289.880206,-0.797198,8.01,0.024968789013732832,0,,0
28784,b'HIGALBM289.9455-0.8919',289.945517,-0.89191,9.368,0.02134927412467976,0,,0
29235,b'HIGALBM291.0665-0.7946',291.066473,-0.794645,8.38,0.02386634844868735,0,,0
29272,b'HIGALBM291.1681-0.2947',291.168086,-0.294711,7.731,0.025869874531108523,12,0.14534160317871989,0
29500,b'HIGALBM291.5680-0.4937',291.568014,-0.493665,7.919,0.025255714105316327,8,12.015932591695057,0
29509,b'HIGALBM291.5783-0.4664',291.578333,-0.466388,7.919,0.025255714105316327,20,0.14598786297448674,0
29511,b'HIGALBM291.5789-0.4313',291.578861,-0.431288,7.715,0.02592352559948153,20,0.14588859282171462,0
29514,b'HIGALBM291.5815-0.5051',291.581477,-0.505124,7.727,0.02588326646822829,8,12.015932591695057,0
29516,b'HIGALBM291.5830-0.4876',291.583034,-0.487582,7.919,0.025255714105316327,8,12.015932591695057,0
29522,b'HIGALBM291.5881-0.4723',291.588121,-0.472268,7.919,0.025255714105316327,8,12.015932591695057,0
29525,b'HIGALBM291.5919-0.5588',291.591864,-0.558755,7.727,0.02588326646822829,0,,0
29527,b'HIGALBM291.5920-0.5319',291.591981,-0.531925,7.727,0.02588326646822829,8,10.793110087127213,0
29530,b'HIGALBM291.5943-0.4907',291.59428,-0.490706,7.919,0.025255714105316327,20,0.14584534443541952,0
29534,b'HIGALBM291.5977-0.4605',291.597749,-0.460489,7.919,0.025255714105316327,8,12.015932591695057,0
29539,b'HIGALBM291.6089-0.5354',291.608861,-0.535354,7.727,0.02588326646822829,24,0.1456457375612031,0
29540,b'HIGALBM291.6098-0.5291',291.609764,-0.529125,7.727,0.02588326646822829,24,0.1456457375612031,0
29543,b'HIGALBM291.6109-0.4419',291.610867,-0.441883,7.919,0.025255714105316327,8,12.015932591695057,0
29548,b'HIGALBM291.6279-0.5425',291.627911,-0.542458,7.727,0.02588326646822829,24,0.14556000931024818,0
29550,b'HIGALBM291.6301-0.5593',291.630091,-0.559268,7.727,0.02588326646822829,20,0.14556500426948613,0
29555,b'HIGALBM291.6340-0.5405',291.634024,-0.540504,7.939,0.025192089683839274,28,0.14551647424722466,0
29557,b'HIGALBM291.6357-0.5445',291.635681,-0.544507,7.939,0.025192089683839274,36,0.1454719633065204,0
29562,b'HIGALBM291.6417-0.5458',291.641735,-0.545822,7.939,0.025192089683839274,20,0.1454719633065204,0
29565,b'HIGALBM291.6470-0.5691',291.646981,-0.569117,8.12,0.024630541871921183,8,10.793110087127213,0
29569,b'HIGALBM291.6487-0.5798',291.648744,-0.579808,8.12,0.024630541871921183,8,10.793110087127213,0
29575,b'HIGALBM291.6540-0.5966',291.654034,-0.596589,8.12,0.024630541871921183,8,10.793110087127213,0
29700,b'HIGALBM291.8787-0.8097',291.878672,-0.80965,9.508,0.02103491796381994,0,,0
30296,b'HIGALBM293.8246-0.7610',293.824637,-0.760983,10.25,0.01951219512195122,8,13.87277160487159,0
30300,b'HIGALBM293.8276-0.7461',293.827603,-0.746148,10.25,0.01951219512195122,28,0.29862179857998294,0
30346,b'HIGALBM293.9414-0.8740',293.94144,-0.873982,10.366,0.019293845263360986,0,,0
30351,b'HIGALBM293.9511-0.8946',293.951085,-0.894601,10.366,0.019293845263360986,0,,0
30359,b'HIGALBM293.9645-0.9782',293.964523,-0.978233,10.369,0.019288263091908574,0,,0
30535,b'HIGALBM294.5120-1.6216',294.512002,-1.621568,2.2,0.09090909090909091,55,0.051054127242960406,7
30567,b'HIGALBM294.6469-1.1779',294.646901,-1.177928,9.778,0.020454080589077522,0,,0
31373,b'HIGALBM297.5324-0.8225',297.532375,-0.822516,11.091,0.01803263907672888,12,0.30896276767225445,0
31416,b'HIGALBM297.6600-0.9728',297.660043,-0.972835,10.843,0.018445079774970025,0,,0
31545,b'HIGALBM298.1824-0.7852',298.182385,-0.785231,10.304,0.019409937888198756,0,,0
31566,b'HIGALBM298.2174-0.3351',298.217408,-0.335096,11.344,0.01763046544428773,0,,0
31571,b'HIGALBM298.2249-0.3386',298.22491,-0.338597,11.344,0.01763046544428773,0,,0
31787,b'HIGALBM298.7227-0.0862',298.722721,-0.086154,10.244,0.01952362358453729,0,,0
31835,b'HIGALBM298.8327+0.1268',298.832669,0.126752,10.454,0.01913143294432753,0,,0
31850,b'HIGALBM298.8567-0.4348',298.856727,-0.434825,11.012,0.018162005085361425,0,,0
31866,b'HIGALBM298.8868-0.4387',298.886761,-0.438706,11.012,0.018162005085361425,0,,0
31918,b'HIGALBM299.0129+0.1283',299.012921,0.128322,10.495,0.019056693663649357,0,,0
31948,b'HIGALBM299.1539+0.0083',299.153864,0.008281,8.529,0.023449407902450464,0,,0
32287,b'HIGALBM300.5032-0.1762',300.503243,-0.176172,9.779,0.020451988955925964,0,,0
32737,b'HIGALBM302.1498-0.9501',302.149785,-0.950126,12.074,0.016564518800728838,0,,0
32841,b'HIGALBM302.4304-0.1089',302.430408,-0.108873,6.45,0.031007751937984496,0,,0
32867,b'HIGALBM302.4866-0.0315',302.486566,-0.031458,5.987,0.033405712376816436,22,0.451648136952988,0
33069,b'HIGALBM303.1169-0.9713',303.116929,-0.971332,11.738,0.01703867779860283,0,,0
33180,b'HIGALBM303.4840-0.4601',303.48397,-0.460069,11.721,0.017063390495691493,0,,0
33322,b'HIGALBM303.9302-0.6874',303.930181,-0.687394,12.395,0.016135538523598225,28,0.16196542391452587,0
33495,b'HIGALBM304.3664-0.3357',304.366416,-0.335731,12.886,0.01552072016141549,0,,0
33574,b'HIGALBM304.5565+0.3272',304.556493,0.327171,5.183,0.03858769052672197,12,0.13306691975538087,0
33585,b'HIGALBM304.5851+0.5808',304.585066,0.580808,5.632,0.03551136363636364,0,,0
33621,b'HIGALBM304.6647-0.9648',304.664685,-0.964801,10.229,0.01955225339720403,4,5.174817727228943,0
33737,b'HIGALBM304.9197+0.5665',304.919724,0.566493,3.138,0.06373486297004462,4,0.7348375147820078,0
33744,b'HIGALBM304.9326+0.5482',304.932613,0.548202,3.138,0.06373486297004462,0,,0
33749,b'HIGALBM304.9412+0.5533',304.941213,0.553295,3.138,0.06373486297004462,0,,0
33862,b'HIGALBM305.1380+0.0685',305.137954,0.068534,3.5,0.05714285714285714,48,0.3035857361291517,0
33895,b'HIGALBM305.1803+0.0445',305.180308,0.044497,6.543,0.03056701818737582,0,,0
33901,b'HIGALBM305.1935-0.0057',305.193463,-0.005676,6.941,0.028814291888776832,40,0.05237218970808782,0
33902,b'HIGALBM305.1952+0.0326',305.195218,0.032613,6.941,0.028814291888776832,40,0.16062983210849896,0
33909,b'HIGALBM305.1994+0.0070',305.199378,0.00697,6.941,0.028814291888776832,12,0.303754785472716,0
33911,b'HIGALBM305.2001+0.0192',305.200082,0.019184,6.941,0.028814291888776832,8,13.922884786008625,0
33912,b'HIGALBM305.2015+0.2286',305.201491,0.228633,4.315,0.046349942062572425,18,0.13415978097415981,0
33934,b'HIGALBM305.2393+0.2260',305.239342,0.225957,5.575,0.03587443946188341,12,0.13418236780730142,0
33941,b'HIGALBM305.2472+0.2449',305.247238,0.244872,3.786,0.05282620179609086,12,0.13423884645080697,0
33947,b'HIGALBM305.2581+0.0021',305.25812,0.002112,6.866,0.029129041654529567,0,,0
33958,b'HIGALBM305.2683-0.0099',305.268271,-0.009877,6.866,0.029129041654529567,12,0.3037540488491193,0
33963,b'HIGALBM305.2745+0.2952',305.274458,0.29518,3.786,0.05282620179609086,12,0.1331428220048985,0
33983,b'HIGALBM305.3077-0.0384',305.307709,-0.038444,7.003,0.0285591889190347,12,0.13422090522630492,0
33992,b'HIGALBM305.3218+0.0700',305.321815,0.069958,6.062,0.03299241174529858,0,,0
34003,b'HIGALBM305.3401+0.1906',305.340122,0.19063,5.889,0.033961623365596876,17,0.9891663961212818,0
34007,b'HIGALBM305.3484+0.2233',305.348369,0.223276,5.889,0.033961623365596876,0,,0
34013,b'HIGALBM305.3544+0.2051',305.354445,0.205134,5.889,0.033961623365596876,4,5.655068347231649,0
34014,b'HIGALBM305.3552+0.1926',305.355237,0.19258,5.889,0.033961623365596876,21,0.9890252998349001,0
34018,b'HIGALBM305.3595+0.1997',305.359462,0.199741,5.889,0.033961623365596876,12,0.13395725572932737,0
34019,b'HIGALBM305.3610+0.1865',305.360962,0.186451,5.889,0.033961623365596876,17,0.9890252998349001,0
34022,b'HIGALBM305.3618+0.1501',305.361801,0.150127,6.629,0.03017046311660884,12,0.13386399998970158,0
34028,b'HIGALBM305.3681+0.2124',305.368066,0.212404,6.487,0.030830892554339448,24,0.13379808504408755,0
34039,b'HIGALBM305.3839+0.2035',305.383865,0.203514,6.487,0.030830892554339448,0,,0
34072,b'HIGALBM305.4414-0.2337',305.441434,-0.233678,2.461,0.08126777732629012,0,,0
34096,b'HIGALBM305.4749-0.0961',305.474937,-0.09613,3.894,0.05136106831022085,12,0.13405052167442041,0
34130,b'HIGALBM305.5248-0.0337',305.52475,-0.033715,5.404,0.037009622501850484,12,0.1340217393118019,0
34136,b'HIGALBM305.5348+0.3438',305.534789,0.343849,6.552,0.030525030525030524,4,5.746774034136684,0
34149,b'HIGALBM305.5497+0.0038',305.549711,0.003755,3.676,0.0544069640914037,20,0.1339826721751394,0
34153,b'HIGALBM305.5532-0.0119',305.553243,-0.011931,3.676,0.0544069640914037,12,0.13385086851944078,0
34162,b'HIGALBM305.5625+0.0127',305.562523,0.012741,3.676,0.0544069640914037,40,0.13384201253182268,0
34309,b'HIGALBM305.7992-0.2447',305.799186,-0.244746,7.285,0.027453671928620454,74,0.13403662901757954,0
34321,b'HIGALBM305.8225-0.1145',305.822544,-0.114455,3.811,0.05247966413014957,12,0.1338216107710741,0
34328,b'HIGALBM305.8413-0.0596',305.841299,-0.05956,6.938,0.028826751225136928,0,,0
34347,b'HIGALBM305.8870+0.0164',305.887003,0.016406,6.944,0.02880184331797235,48,0.13357817626002497,0
34954,b'HIGALBM307.5605-0.5865',307.560503,-0.586483,7.512,0.026624068157614485,28,0.16101868589750057,0
34975,b'HIGALBM307.6128-0.2574',307.612826,-0.257448,7.214,0.02772387025228722,54,0.13399704230725834,0
34977,b'HIGALBM307.6215-0.2618',307.621497,-0.261769,7.214,0.02772387025228722,54,0.13399973311222613,0
35060,b'HIGALBM307.8048-0.4558',307.804844,-0.455816,7.602,0.026308866087871613,0,,0
35146,b'HIGALBM308.0560-0.3959',308.055974,-0.395875,9.721,0.020574015019030965,0,,0
35377,b'HIGALBM308.6465+0.6451',308.646545,0.645113,5.727,0.03492229788720098,12,0.30414650743758087,0
35378,b'HIGALBM308.6508-0.5073',308.650761,-0.507272,8.173,0.02447081854888046,0,,0
35446,b'HIGALBM308.7548+0.5483',308.754777,0.548255,6.368,0.031407035175879394,12,0.13346055508718624,0
35661,b'HIGALBM309.1599-0.5939',309.159855,-0.593889,4.564,0.04382120946538125,8,3.61586324157277,0
35682,b'HIGALBM309.1798-0.0283',309.179754,-0.028309,3.316,0.06031363088057901,30,10.494597450378576,0
35707,b'HIGALBM309.2206-0.4622',309.220604,-0.462184,4.0,0.05,18,0.3055590969727205,0
35779,b'HIGALBM309.3840-0.1346',309.383964,-0.134608,3.927,0.05092946269416858,0,,0
35797,b'HIGALBM309.4230-0.6214',309.422993,-0.621407,7.007,0.028542885685742828,0,,0
36003,b'HIGALBM309.9803+0.5493',309.980345,0.549254,3.469,0.057653502450273855,12,0.30304289274537005,0
36016,b'HIGALBM310.0140+0.3887',310.01397,0.388671,7.358,0.02718129926610492,42,0.021771284301112807,4
36075,b'HIGALBM310.1804-0.1220',310.18042,-0.122044,7.068,0.028296547821165818,0,,0
36216,b'HIGALBM310.5153-0.2168',310.515336,-0.216841,6.343,0.031530821377896895,6,11.321769538476476,0
36415,b'HIGALBM310.9024-0.3806',310.902434,-0.380622,6.907,0.028956131460836834,24,10.031799480501485,0
36602,b'HIGALBM311.1792-0.0726',311.17921,-0.072556,5.817,0.034381983840467596,13,0.7762696487578612,0
36743,b'HIGALBM311.3869+0.6492',311.386875,0.649214,7.243,0.027612867596299877,12,0.14784524653950526,0
36763,b'HIGALBM311.4268+0.5962',311.426814,0.596191,7.133,0.028038693396887707,6,11.312874263907286,0
36794,b'HIGALBM311.4819+0.3617',311.481916,0.361654,6.214,0.0321853878339234,18,0.14820952374753327,0
36813,b'HIGALBM311.5130-0.4539',311.512975,-0.453935,7.573,0.026409613099168096,12,0.30423371653954273,0
36822,b'HIGALBM311.5377+0.3184',311.537727,0.318404,4.35,0.04597701149425287,12,0.14835180901659786,0
36836,b'HIGALBM311.5643+0.2301',311.564296,0.230091,6.93,0.02886002886002886,30,9.345790555764399,0
36871,b'HIGALBM311.6269+0.2898',311.626891,0.289828,4.374,0.04572473708276177,46,0.1483441121292565,0
36873,b'HIGALBM311.6285+0.2657',311.628548,0.265679,4.374,0.04572473708276177,12,0.3038972940901132,0
36885,b'HIGALBM311.6386+0.3004',311.638552,0.300407,4.35,0.04597701149425287,14,11.313643490834322,0
36888,b'HIGALBM311.6427-0.3805',311.642687,-0.380466,8.036,0.024888003982080638,0,,0
37042,b'HIGALBM311.8996+0.0868',311.899648,0.086832,4.595,0.04352557127312296,0,,0
37064,b'HIGALBM311.9398+0.2053',311.939816,0.205258,7.572,0.02641310089804543,0,,0
37068,b'HIGALBM311.9468+0.1419',311.94676,0.141893,7.575,0.026402640264026403,0,,0
37127,b'HIGALBM312.0712+0.0820',312.071208,0.082019,3.756,0.05324813631522897,0,,0
37137,b'HIGALBM312.0939+0.0750',312.093862,0.075039,3.756,0.05324813631522897,0,,0
37143,b'HIGALBM312.1074+0.3094',312.107406,0.309401,3.967,0.05041593143433325,28,0.28768429194395223,0
37144,b'HIGALBM312.1086+0.2615',312.108566,0.261494,7.976,0.025075225677031094,0,,0
37250,b'HIGALBM312.3077+0.6609',312.307739,0.660871,7.596,0.02632964718272775,0,,0
37283,b'HIGALBM312.3832-0.4156',312.383194,-0.41557,7.639,0.026181437360911115,13,0.7792341995898685,0
37320,b'HIGALBM312.5011-0.0845',312.501087,-0.084475,8.101,0.024688310085174667,0,,0
37347,b'HIGALBM312.5476-0.2812',312.547615,-0.281158,8.184,0.024437927663734118,0,,0
37363,b'HIGALBM312.5898-0.5030',312.589794,-0.502958,7.916,0.025265285497726123,12,0.14864765950877132,0
37371,b'HIGALBM312.5981+0.0459',312.598086,0.045908,7.358,0.02718129926610492,42,0.1482614915455323,0
37675,b'HIGALBM313.3146-0.4630',313.3146,-0.462973,3.074,0.06506180871828236,13,0.7789133974833524,0
37722,b'HIGALBM313.4576+0.1921',313.457593,0.192081,8.271,0.024180872929512754,23,0.9822082011208302,0
37728,b'HIGALBM313.4691+0.1903',313.469141,0.190324,8.271,0.024180872929512754,6,11.29756107196375,0
37791,b'HIGALBM313.5769+0.3252',313.576895,0.325226,7.725,0.025889967637540454,28,0.28699317613217096,0
37869,b'HIGALBM313.7053-0.1896',313.705266,-0.189621,8.448,0.023674242424242424,13,0.77674713291174,0
38106,b'HIGALBM314.2180+0.2534',314.217965,0.25341,3.441,0.05812263876780006,12,0.14690875653766997,0
38107,b'HIGALBM314.2205+0.2723',314.220539,0.27229,3.441,0.05812263876780006,12,0.14696637914524258,0
38134,b'HIGALBM314.2652+0.1034',314.265171,0.10341,7.841,0.025506950644050504,0,,0
38135,b'HIGALBM314.2672+0.0909',314.267209,0.090898,7.857,0.02545500827287769,12,0.3038919766130394,0
38138,b'HIGALBM314.2747+0.0965',314.274735,0.09655,7.857,0.02545500827287769,0,,0
38159,b'HIGALBM314.3200+0.1116',314.320001,0.111575,7.866,0.025425883549453344,12,0.3036895678474715,0
38724,b'HIGALBM316.1399-0.5041',316.13988,-0.504087,8.062,0.024807740014884647,50,0.27799470279062544,0
38796,b'HIGALBM316.3601-0.3616',316.360089,-0.361628,8.832,0.022644927536231884,0,,0
38815,b'HIGALBM316.4120-0.3082',316.411951,-0.308179,8.06,0.024813895781637715,0,,0
38894,b'HIGALBM316.5870-0.8088',316.586972,-0.808785,3.213,0.06224712107065048,25,0.31040961831865715,0
38919,b'HIGALBM316.6406-0.0865',316.640573,-0.086509,9.513,0.021023862083464732,37,0.30942295332405456,0
38970,b'HIGALBM316.7494-0.0350',316.749439,-0.034983,9.464,0.021132713440405747,12,5.45190474236611,0
38976,b'HIGALBM316.7630-0.0118',316.762952,-0.011773,9.627,0.020774903916069388,40,0.2916732750022444,0
38978,b'HIGALBM316.7658-0.0239',316.765804,-0.023936,9.627,0.020774903916069388,60,0.2916732750022444,0
38986,b'HIGALBM316.7790-0.0333',316.779009,-0.033306,2.618,0.07639419404125286,44,0.2916732750022444,0
39000,b'HIGALBM316.8002-0.0549',316.800181,-0.054875,2.695,0.07421150278293136,74,0.024477791291193086,4
39010,b'HIGALBM316.8112-0.0574',316.81123,-0.057443,2.695,0.07421150278293136,76,0.02447144287625904,11
39012,b'HIGALBM316.8177-0.0578',316.817711,-0.057784,2.695,0.07421150278293136,44,0.2916732750022444,0
39014,b'HIGALBM316.8246-0.0781',316.824604,-0.078084,2.695,0.07421150278293136,20,2.6542770384522014,0
39061,b'HIGALBM316.9596+0.3022',316.959631,0.302244,9.441,0.02118419658934435,4,3.25704944975894,0
39099,b'HIGALBM317.0293+0.3610',317.029261,0.36104,9.316,0.021468441391155002,0,,0
39290,b'HIGALBM317.4080+0.1102',317.407959,0.110193,2.823,0.07084661707403471,28,0.3081289737289419,0
39304,b'HIGALBM317.4293-0.5609',317.429302,-0.56087,8.383,0.023857807467493736,22,5.557923901435658,0
39324,b'HIGALBM317.4659-0.4029',317.465946,-0.402936,9.489,0.021077036568658447,0,,0
39423,b'HIGALBM317.7009+0.1100',317.700908,0.109968,9.628,0.02077274615704196,0,,0
39513,b'HIGALBM317.8549+0.1629',317.854876,0.162941,9.649,0.02072753653228314,0,,0
39525,b'HIGALBM317.8677-0.1501',317.867662,-0.150111,2.806,0.07127583749109052,17,0.9745687747041143,0
39545,b'HIGALBM317.8892-0.0580',317.889155,-0.05797,11.271,0.017744654422855114,24,11.913778957753895,0
39632,b'HIGALBM318.0492+0.0872',318.049212,0.087156,9.184,0.02177700348432056,53,0.27761949040646244,0
39895,b'HIGALBM318.7227-0.7515',318.722677,-0.751531,2.454,0.08149959250203749,0,,0
39896,b'HIGALBM318.7250-0.2225',318.724965,-0.222477,9.773,0.020464545175483476,13,0.8084905294590718,0
39915,b'HIGALBM318.7753-0.1513',318.775334,-0.151302,2.591,0.0771902740254728,37,0.8085147060070064,0
39951,b'HIGALBM318.9145-0.1633',318.914468,-0.163307,2.509,0.07971303308090873,24,9.240890681680069,0
39964,b'HIGALBM318.9477-0.1953',318.947669,-0.195327,10.447,0.01914425193835551,42,0.3078154711696158,0
40008,b'HIGALBM319.0888+0.4606',319.088775,0.460571,9.931,0.020138958815829222,0,,0
40037,b'HIGALBM319.1521-0.4294',319.152067,-0.429355,11.376,0.017580872011251757,0,,0
40039,b'HIGALBM319.1632-0.4202',319.163176,-0.420206,11.376,0.017580872011251757,0,,0
40131,b'HIGALBM319.3625+0.0138',319.362524,0.013808,10.116,0.019770660340055358,0,,0
40146,b'HIGALBM319.3992-0.0115',319.3992,-0.011522,11.926,0.01677008217340265,0,,0
40154,b'HIGALBM319.4094-0.0172',319.409374,-0.017153,11.926,0.01677008217340265,0,,0
40165,b'HIGALBM319.4522-0.0211',319.452175,-0.021056,11.578,0.017274140611504576,0,,0
40307,b'HIGALBM319.8360-0.1959',319.836043,-0.195868,8.005,0.024984384759525295,0,,0
40323,b'HIGALBM319.8669+0.7860',319.866939,0.78598,2.907,0.06879944960440317,16,0.024481359695439533,4
40491,b'HIGALBM320.1230-0.5028',320.123024,-0.502828,12.356,0.01618646811265782,0,,0
40526,b'HIGALBM320.1662+0.8227',320.166195,0.822717,10.48,0.019083969465648856,33,0.02445503672619558,0
40528,b'HIGALBM320.1730+0.8166',320.172978,0.816629,2.706,0.07390983000739099,8,1.992832269802112,0
40550,b'HIGALBM320.1994+0.8707',320.199353,0.87068,2.829,0.07069635913750442,0,,0
40554,b'HIGALBM320.2031+0.8613',320.203072,0.861319,2.829,0.07069635913750442,0,,0
40578,b'HIGALBM320.2330-0.2833',320.233036,-0.283315,8.243,0.02426301103967002,112,0.17300176571574105,0
40595,b'HIGALBM320.2472-0.2954',320.24718,-0.295432,0.76,0.2631578947368421,12,0.30823632347797897,0
40597,b'HIGALBM320.2482+0.4046',320.248168,0.404559,10.833,0.018462106526354657,5,0.8307910374774449,0
40616,b'HIGALBM320.2629-0.3011',320.262902,-0.301073,8.428,0.023730422401518746,0,,0
40633,b'HIGALBM320.2865-0.3062',320.28648,-0.306168,8.428,0.023730422401518746,0,,0
40660,b'HIGALBM320.3172-0.1752',320.317213,-0.175245,12.546,0.015941335883947076,13,0.8078376664007544,0
40661,b'HIGALBM320.3174-0.1868',320.317351,-0.18681,12.546,0.015941335883947076,0,,0
40673,b'HIGALBM320.3311-0.3057',320.331058,-0.305667,8.539,0.023421946363742827,24,10.412197463333952,0
40688,b'HIGALBM320.3487-0.2218',320.34869,-0.221828,12.546,0.015941335883947076,0,,0
40729,b'HIGALBM320.4155+0.1173',320.415535,0.117291,12.869,0.015541223094257518,0,,0
40733,b'HIGALBM320.4238+0.0902',320.423811,0.090169,12.708,0.015738117721120555,0,,0
40736,b'HIGALBM320.4277+0.1032',320.427725,0.103158,12.869,0.015541223094257518,0,,0
40874,b'HIGALBM320.6748+0.2459',320.674775,0.245913,9.101,0.02197560707614548,12,0.30704820352596107,0
40941,b'HIGALBM320.7777+0.2428',320.777729,0.242838,12.702,0.01574555188159345,24,9.635721594165165,0
41007,b'HIGALBM320.8925-0.4107',320.892468,-0.410735,8.245,0.02425712553062462,6,13.519803316217956,0
41086,b'HIGALBM321.0330-0.4827',321.033047,-0.482705,9.174,0.021800741225201658,0,,0
41097,b'HIGALBM321.0531-0.5066',321.053108,-0.506613,4.0,0.05,28,0.27823804609950137,0
41129,b'HIGALBM321.1255-0.2648',321.125518,-0.264793,8.147,0.024548913710568308,0,,0
41138,b'HIGALBM321.1486-0.5291',321.148638,-0.529145,4.0,0.05,0,,0
41220,b'HIGALBM321.3810-0.3012',321.381,-0.301172,9.342,0.021408691928923144,4,1.814355149161275,0
41343,b'HIGALBM321.7373-0.6605',321.737349,-0.66046,4.919,0.04065867046147591,0,,0
41415,b'HIGALBM321.9366-0.0061',321.936638,-0.006127,2.235,0.0894854586129754,8,0.1696719622701902,0
41511,b'HIGALBM322.1468+0.6076',322.146791,0.607619,4.0,0.05,0,,0
41520,b'HIGALBM322.1612+0.6205',322.161189,0.620528,4.0,0.05,24,0.02273415926799327,4
41521,b'HIGALBM322.1668+0.6343',322.166846,0.634289,3.721,0.05374899220639613,0,,0
41661,b'HIGALBM322.5211+0.6367',322.52111,0.636694,9.786,0.020437359493153485,0,,0
41743,b'HIGALBM322.7053-0.3314',322.705275,-0.331437,12.387,0.01614595947364172,0,,0
42007,b'HIGALBM323.4447+0.0959',323.444725,0.095901,4.404,0.045413260672116255,24,10.692602016097537,0
42012,b'HIGALBM323.4594-0.0789',323.459411,-0.078927,4.386,0.045599635202918376,47,0.05545690027618108,0
42158,b'HIGALBM323.7993+0.0169',323.799283,0.016887,9.926,0.02014910336490026,0,,0
42201,b'HIGALBM323.9161+0.0342',323.916145,0.034172,10.13,0.019743336623889437,0,,0
42286,b'HIGALBM324.0940-0.1140',324.094004,-0.113982,9.849,0.02030663011473246,0,,0
42333,b'HIGALBM324.1889+0.1165',324.188884,0.116531,6.181,0.03235722375020223,8,12.730620583928356,0
42342,b'HIGALBM324.2008+0.1204',324.200823,0.120448,6.181,0.03235722375020223,28,0.2776074783262054,0
42345,b'HIGALBM324.2034+0.1170',324.203366,0.116988,6.181,0.03235722375020223,28,0.2776074783262054,0
42536,b'HIGALBM324.7162+0.3419',324.716211,0.34195,10.524,0.019004180919802355,0,,0
42613,b'HIGALBM324.9239-0.5679',324.923908,-0.567923,9.126,0.021915406530791146,19,0.05005024439444304,0
42835,b'HIGALBM325.5159+0.4148',325.515948,0.414846,10.952,0.018261504747991233,0,,0
43212,b'HIGALBM326.2690-0.4857',326.269012,-0.485689,10.033,0.019934217083624042,0,,0
43325,b'HIGALBM326.4098+0.9261',326.409849,0.92613,2.768,0.07225433526011561,12,0.24610381384120045,0
43347,b'HIGALBM326.4315+0.9139',326.431515,0.913888,2.768,0.07225433526011561,8,13.35681667644736,0
43359,b'HIGALBM326.4474+0.9134',326.44736,0.913378,2.706,0.07390983000739099,20,1.7265249257380346,0
43360,b'HIGALBM326.4485-0.7486',326.448501,-0.748567,4.238,0.04719207173194903,12,0.24783265592360396,0
43372,b'HIGALBM326.4698+0.8938',326.469818,0.893829,2.766,0.07230657989877079,0,,0
43375,b'HIGALBM326.4730-0.3780',326.472998,-0.377955,10.463,0.019114976584153686,64,0.2471935182513477,0
43378,b'HIGALBM326.4759+0.6947',326.475881,0.6947,11.232,0.017806267806267807,50,0.24180434045709906,0
43449,b'HIGALBM326.5447+0.1694',326.544741,0.169389,11.227,0.017814197915738843,12,0.24629765233818682,0
43490,b'HIGALBM326.6080+0.7988',326.607999,0.798778,11.541,0.017329520838748808,0,,0
43512,b'HIGALBM326.6278+0.6119',326.627766,0.611874,2.773,0.0721240533717995,0,,0
43529,b'HIGALBM326.6403+0.6210',326.640261,0.620999,2.769,0.07222824124232576,4,5.604629369951119,0
43531,b'HIGALBM326.6413+0.6113',326.641252,0.611327,2.769,0.07222824124232576,27,0.04371287542930742,7
43540,b'HIGALBM326.6471+0.7490',326.64714,0.748956,2.711,0.07377351530800443,0,,0
43550,b'HIGALBM326.6571+0.5949',326.657144,0.594949,2.769,0.07222824124232576,28,0.2464153339622741,0
43556,b'HIGALBM326.6625+0.5209',326.662509,0.52088,2.711,0.07377351530800443,23,0.04377549167310204,7
43567,b'HIGALBM326.6704+0.5538',326.670447,0.553814,2.711,0.07377351530800443,8,0.16441327902299585,0
43580,b'HIGALBM326.6791+0.5669',326.67914,0.56687,2.769,0.07222824124232576,0,,0
43590,b'HIGALBM326.6918+0.5400',326.691757,0.53997,2.711,0.07377351530800443,0,,0
43630,b'HIGALBM326.7237+0.6141',326.723741,0.614141,2.84,0.07042253521126761,40,0.2464147668670127,0
43693,b'HIGALBM326.7806-0.2411',326.780578,-0.241055,3.017,0.06629101756711965,19,0.04353722317856341,7
43706,b'HIGALBM326.7955+0.3820',326.795463,0.381956,8.646,0.023132084200786492,0,,0
43745,b'HIGALBM326.8591-0.6765',326.859103,-0.676499,4.23,0.04728132387706856,0,,0
43759,b'HIGALBM326.8781-0.5146',326.878134,-0.514628,10.197,0.019613611846621554,0,,0
43768,b'HIGALBM326.8851-0.2735',326.885142,-0.27354,3.012,0.06640106241699867,4,5.598299634871521,0
43911,b'HIGALBM327.1196+0.5107',327.119639,0.510707,9.026,0.022158209616662972,44,0.16554531077012632,0
43919,b'HIGALBM327.1306-0.2663',327.130599,-0.266314,10.357,0.019310611180843873,12,0.24637081695304655,0
43992,b'HIGALBM327.2677-0.5408',327.267676,-0.540788,3.199,0.06251953735542357,0,,0
44009,b'HIGALBM327.2985-0.5528',327.298504,-0.552835,3.199,0.06251953735542357,4,0.020945742611003935,4
44010,b'HIGALBM327.3013-0.5776',327.301313,-0.577577,3.074,0.06506180871828236,91,0.2688530030579282,0
44015,b'HIGALBM327.3054-0.5404',327.305374,-0.54039,3.196,0.0625782227784731,0,,0
44016,b'HIGALBM327.3064-0.5234',327.306422,-0.523376,3.196,0.0625782227784731,0,,0
44021,b'HIGALBM327.3221-0.5541',327.322131,-0.554121,3.196,0.0625782227784731,0,,0
44067,b'HIGALBM327.3918+0.1996',327.391837,0.199559,3.425,0.058394160583941604,43,0.1634218708649492,0
44070,b'HIGALBM327.4022+0.4449',327.40216,0.444879,5.18,0.03861003861003861,43,0.24428909605581395,0
44210,b'HIGALBM327.6283-0.3569',327.628253,-0.356885,9.855,0.020294266869609334,12,0.24562727195364903,0
44263,b'HIGALBM327.7109-0.3934',327.710932,-0.393396,4.732,0.042265426880811495,12,0.24559270579952852,0
44275,b'HIGALBM327.7259-0.3916',327.725914,-0.391557,4.732,0.042265426880811495,4,5.570878180261643,0
44283,b'HIGALBM327.7324-0.3870',327.732382,-0.386997,4.732,0.042265426880811495,12,0.24541623588208758,0
44293,b'HIGALBM327.7573-0.3530',327.757251,-0.352957,4.666,0.042863266180882986,0,,0
44334,b'HIGALBM327.8083-0.6343',327.808345,-0.63427,10.23,0.019550342130987292,36,0.27125485515767994,0
44350,b'HIGALBM327.8245-0.6479',327.824544,-0.647931,10.23,0.019550342130987292,21,1.2203173089984516,0
44394,b'HIGALBM327.9012+0.1540',327.901173,0.154012,11.314,0.0176772140710624,0,,0
44415,b'HIGALBM327.9464-0.1150',327.946359,-0.115045,11.318,0.017670966601873124,12,0.24068952164123839,0
44497,b'HIGALBM328.0734+0.5820',328.073368,0.58204,6.186,0.032331070158422244,0,,0
44547,b'HIGALBM328.1402-0.4313',328.140213,-0.431294,2.97,0.06734006734006734,0,,0
44559,b'HIGALBM328.1646+0.5870',328.164612,0.587031,8.374,0.02388344877000239,0,,0
44577,b'HIGALBM328.1924-0.5598',328.192408,-0.559816,11.53,0.017346053772766695,0,,0
44607,b'HIGALBM328.2368-0.5471',328.236768,-0.547144,11.371,0.01758860258552458,20,0.16302614235773744,0
44613,b'HIGALBM328.2469-0.5566',328.246858,-0.556635,11.371,0.01758860258552458,0,,0
44616,b'HIGALBM328.2544-0.5319',328.254403,-0.53191,11.371,0.01758860258552458,151,0.024277765750159833,0
44656,b'HIGALBM328.3076+0.4310',328.307555,0.431036,8.44,0.023696682464454975,28,0.2706186116723493,0
44665,b'HIGALBM328.3174+0.4503',328.317389,0.450312,8.446,0.023679848448969927,0,,0
44777,b'HIGALBM328.5489+0.2720',328.548925,0.27195,5.619,0.03559352197899982,12,0.23958704884490334,0
44796,b'HIGALBM328.5742-0.5299',328.574169,-0.529901,3.266,0.0612369871402327,4,5.5572240223088185,0
44937,b'HIGALBM328.8245-0.0795',328.824544,-0.079475,11.496,0.017397355601948505,24,9.677074943136931,0
45007,b'HIGALBM328.9591+0.5670',328.959103,0.566993,8.539,0.023421946363742827,0,,0
45024,b'HIGALBM328.9824+0.5721',328.982381,0.572093,5.948,0.03362474781439139,0,,0
45045,b'HIGALBM329.0298-0.2047',329.029805,-0.204653,11.639,0.01718360683907552,48,0.02420963825709638,0
45046,b'HIGALBM329.0309-0.1974',329.030909,-0.197429,11.639,0.01718360683907552,37,0.16196747150902926,0
45062,b'HIGALBM329.0661-0.3075',329.066124,-0.307503,11.538,0.01733402669440111,8,3.5679516860419187,0
45086,b'HIGALBM329.1092-0.4904',329.109158,-0.490428,9.779,0.020451988955925964,0,,0
45122,b'HIGALBM329.1833-0.3138',329.183309,-0.313804,11.213,0.017836439846606617,26,0.16303507105852763,0
45174,b'HIGALBM329.2723+0.1151',329.2723,0.115122,3.284,0.06090133982947625,12,0.23924926490443943,0
45254,b'HIGALBM329.4062-0.4590',329.406216,-0.458993,9.945,0.020110608345902465,84,0.042523797914605484,0
45263,b'HIGALBM329.4196-0.1630',329.419644,-0.163044,5.122,0.03904724716907458,44,0.24204984080098338,0
45265,b'HIGALBM329.4241-0.1622',329.42409,-0.162156,5.122,0.03904724716907458,44,0.24204984080098338,0
45287,b'HIGALBM329.4568+0.1742',329.456797,0.174199,8.274,0.024172105390379502,28,2.8668617773017493,0
45290,b'HIGALBM329.4626+0.1689',329.462582,0.168859,8.274,0.024172105390379502,28,2.8668617773017493,0
45298,b'HIGALBM329.4689+0.5027',329.468903,0.502669,10.016,0.019968051118210862,28,0.27020290411078685,0
45305,b'HIGALBM329.4749+0.2162',329.474924,0.216224,8.274,0.024172105390379502,28,0.2702707198470705,0
45307,b'HIGALBM329.4762+0.8409',329.476231,0.84087,5.027,0.039785160135269546,0,,0
45327,b'HIGALBM329.5244+0.0852',329.524432,0.085242,10.661,0.018759966232060783,12,0.16328793857295115,0
45366,b'HIGALBM329.5965+0.0556',329.596546,0.055619,10.569,0.01892326615573848,0,,0
45373,b'HIGALBM329.6103+0.1135',329.610276,0.11354,10.668,0.018747656542932135,19,0.042420286662174816,0
45395,b'HIGALBM329.6633+0.0968',329.663263,0.096802,10.568,0.018925056775170326,0,,0
45466,b'HIGALBM329.8155+0.1409',329.815514,0.140911,5.59,0.03577817531305903,0,,0
45584,b'HIGALBM330.0700+1.0643',330.069985,1.064286,3.296,0.06067961165048544,20,0.23712922453862206,0
45681,b'HIGALBM330.2841+0.4932',330.284118,0.493233,5.393,0.037085110328203226,30,0.16259543000630408,0
45689,b'HIGALBM330.2940-0.3933',330.293953,-0.393275,11.862,0.01686056314280897,28,0.2700964976875433,0
45859,b'HIGALBM330.6766-0.4040',330.676559,-0.404015,4.051,0.049370525796099726,12,0.24174456164662253,0
45957,b'HIGALBM330.8747-0.3569',330.874743,-0.356937,3.755,0.05326231691078562,16,1.7043625662055948,0
45958,b'HIGALBM330.8764-0.3829',330.876359,-0.382878,10.735,0.018630647414997672,20,0.24136257912777032,0
45975,b'HIGALBM330.8970-0.3596',330.896959,-0.359566,3.755,0.05326231691078562,0,,0
45990,b'HIGALBM330.9284-0.4063',330.928449,-0.40631,3.858,0.05184033177812338,0,,0
46004,b'HIGALBM330.9589-0.2733',330.958928,-0.273341,11.377,0.017579326711786938,12,0.1628957988349269,0
46113,b'HIGALBM331.1279-0.5326',331.127899,-0.532646,10.628,0.01881821603312006,0,,0
46114,b'HIGALBM331.1294-0.4811',331.129399,-0.481149,10.527,0.01899876508026978,0,,0
46116,b'HIGALBM331.1314-0.2438',331.131441,-0.24376,9.483,0.021090372245070127,88,0.16281683276197634,0
46120,b'HIGALBM331.1356-0.5248',331.135633,-0.524844,10.628,0.01881821603312006,12,0.24122623618014405,0
46134,b'HIGALBM331.1659-0.4611',331.165871,-0.461126,10.527,0.01899876508026978,0,,0
46167,b'HIGALBM331.2398+1.0624',331.239839,1.06239,4.934,0.040535062829347386,12,0.23843277047892597,0
46168,b'HIGALBM331.2446-0.1990',331.244581,-0.198961,5.455,0.03666361136571952,12,0.16256563028909005,0
46186,b'HIGALBM331.2786-0.1883',331.278615,-0.188272,5.455,0.03666361136571952,57,0.16273203936351216,0
46238,b'HIGALBM331.3418-0.3462',331.341813,-0.346222,4.215,0.04744958481613286,19,0.052986684837987644,0
46246,b'HIGALBM331.3481-0.3362',331.348126,-0.336174,4.215,0.04744958481613286,0,,0
46252,b'HIGALBM331.3528+1.0659',331.352796,1.065936,4.923,0.040625634775543366,36,0.2680641713995849,0
46282,b'HIGALBM331.3853-0.3604',331.385285,-0.360421,4.224,0.04734848484848485,0,,0
46310,b'HIGALBM331.4179-0.3539',331.417858,-0.353916,4.224,0.04734848484848485,12,0.23962763506924728,0
46333,b'HIGALBM331.4418-0.1862',331.44179,-0.186196,9.429,0.02121115706861809,0,,0
46371,b'HIGALBM331.4909-0.1148',331.490907,-0.114838,9.483,0.021090372245070127,12,0.16228963978838576,0
46389,b'HIGALBM331.5117-0.1024',331.511657,-0.102354,5.441,0.03675794890645102,61,0.16229946685091975,0
46393,b'HIGALBM331.5176-0.0824',331.517575,-0.082445,3.708,0.05393743257820928,0,,0
46402,b'HIGALBM331.5330-0.0992',331.533011,-0.099205,3.708,0.05393743257820928,0,,0
46403,b'HIGALBM331.5362-0.3056',331.536221,-0.305577,10.716,0.01866368047779022,0,,0
46406,b'HIGALBM331.5424-0.0659',331.542428,-0.065915,3.708,0.05393743257820928,12,0.16225570784188106,0
46408,b'HIGALBM331.5452-0.0917',331.545238,-0.091736,3.708,0.05393743257820928,0,,0
46417,b'HIGALBM331.5557-0.1201',331.555745,-0.120095,5.441,0.03675794890645102,12,0.16228219038599398,0
46432,b'HIGALBM331.6032-0.1070',331.603205,-0.107031,9.407,0.021260763261401083,0,,0
46444,b'HIGALBM331.6233+0.5269',331.623305,0.526921,3.659,0.05465974309920743,16,0.2380124405444017,0
46480,b'HIGALBM331.7088+0.5836',331.708827,0.583613,4.229,0.04729250413809411,12,0.17543986815842658,0
46481,b'HIGALBM331.7104+0.6027',331.71044,0.602705,4.229,0.04729250413809411,12,0.2375766946383162,0
46522,b'HIGALBM331.7951-0.0974',331.795056,-0.097397,9.647,0.02073183373069348,0,,0
46662,b'HIGALBM332.0604+0.5083',332.060422,0.508302,10.731,0.018637592023110616,0,,0
46675,b'HIGALBM332.0937-0.4205',332.093746,-0.420497,3.831,0.05220569042025581,28,0.24050780274057737,0
46697,b'HIGALBM332.1391-0.4659',332.139129,-0.465944,11.249,0.017779358165170237,0,,0
46704,b'HIGALBM332.1466-0.4403',332.146603,-0.440344,11.249,0.017779358165170237,0,,0
46710,b'HIGALBM332.1545-0.4486',332.15449,-0.448636,11.249,0.017779358165170237,0,,0
46771,b'HIGALBM332.2406-0.0431',332.240624,-0.043106,3.363,0.059470710674992565,29,0.24828661337763036,0
46800,b'HIGALBM332.2951-0.0938',332.295108,-0.093846,3.363,0.059470710674992565,40,0.2397027802277589,0
46840,b'HIGALBM332.3526-0.1165',332.35262,-0.11649,11.645,0.017174753112924,0,,0
46879,b'HIGALBM332.4093-0.5032',332.409305,-0.503233,11.765,0.016999575010624733,0,,0
46904,b'HIGALBM332.4513+0.0768',332.451312,0.076807,11.181,0.017887487702352205,0,,0
46918,b'HIGALBM332.4681-0.5228',332.468101,-0.522777,11.501,0.017389792191983305,12,0.24005476598770367,0
46919,b'HIGALBM332.4699-0.1314',332.469929,-0.131352,11.444,0.017476406850751487,0,,0
46965,b'HIGALBM332.5443-0.1226',332.544253,-0.122614,3.307,0.06047777441790142,32,0.2684426770554234,0
46990,b'HIGALBM332.5869-0.5603',332.586925,-0.560325,11.62,0.01721170395869191,12,0.24006836543278345,0
47025,b'HIGALBM332.6427-0.6051',332.642725,-0.605066,3.8,0.05263157894736842,28,0.24008551336974934,0
47033,b'HIGALBM332.6531-0.6086',332.653067,-0.608578,3.8,0.05263157894736842,16,1.69559647037224,0
47034,b'HIGALBM332.6534-0.6217',332.653404,-0.621667,3.8,0.05263157894736842,8,12.97087247663713,0
47053,b'HIGALBM332.6781-0.6146',332.678062,-0.61456,3.8,0.05263157894736842,12,0.23979968082746647,0
47063,b'HIGALBM332.6903-0.6262',332.690268,-0.626221,3.8,0.05263157894736842,0,,0
47066,b'HIGALBM332.6933-0.6122',332.693254,-0.6122,3.8,0.05263157894736842,8,3.5263943100701374,0
47072,b'HIGALBM332.7012-0.5874',332.701175,-0.587412,3.8,0.05263157894736842,12,0.23875242887702292,0
47087,b'HIGALBM332.7257-0.6208',332.725658,-0.620849,3.8,0.05263157894736842,0,,0
47117,b'HIGALBM332.7659-0.0076',332.765947,-0.007624,10.962,0.01824484583105273,34,0.16099034795562847,0
47148,b'HIGALBM332.7966-0.5977',332.796594,-0.597709,3.8,0.05263157894736842,0,,0
47159,b'HIGALBM332.8131-0.7005',332.8131,-0.700459,3.8,0.05263157894736842,0,,0
47171,b'HIGALBM332.8271-0.5492',332.827074,-0.549173,3.852,0.05192107995846314,74,0.18064614535529122,0
47244,b'HIGALBM332.9422-0.6860',332.942164,-0.686002,3.601,0.055540127742293804,30,0.23953129841419724,0
47264,b'HIGALBM332.9614+0.7742',332.961419,0.77415,11.762,0.017003910899506886,13,0.7958265911621605,0
47266,b'HIGALBM332.9637-0.6792',332.963654,-0.679186,3.601,0.055540127742293804,63,0.14556425939149545,0
47277,b'HIGALBM332.9730-0.4716',332.972959,-0.471581,3.8,0.05263157894736842,4,1.6732256708766173,0
47280,b'HIGALBM332.9767+0.7700',332.976669,0.769964,11.716,0.01707067258449983,25,0.23769682124088007,0
47295,b'HIGALBM332.9853-0.4458',332.985312,-0.445807,3.8,0.05263157894736842,0,,0
47297,b'HIGALBM332.9866-0.5000',332.986586,-0.500024,3.8,0.05263157894736842,12,0.23902550353757207,0
47298,b'HIGALBM332.9868-0.4872',332.986797,-0.487158,3.8,0.05263157894736842,16,0.23895993119698572,0
47305,b'HIGALBM332.9950-0.4389',332.995019,-0.43887,3.8,0.05263157894736842,4,5.367326233965959,0
47310,b'HIGALBM333.0033-0.4373',333.003264,-0.437263,3.8,0.05263157894736842,12,0.23885177681115974,0
47316,b'HIGALBM333.0082+0.7712',333.008247,0.771213,11.716,0.01707067258449983,0,,0
47320,b'HIGALBM333.0118-0.4642',333.011802,-0.464177,3.8,0.05263157894736842,12,0.23871412228123093,0
47328,b'HIGALBM333.0181-0.4477',333.018076,-0.447674,3.8,0.05263157894736842,12,0.2383032807339417,0
47330,b'HIGALBM333.0183+0.7623',333.018271,0.762303,11.717,0.017069215669539985,20,0.021326526974558092,0
47341,b'HIGALBM333.0299-0.0632',333.029917,-0.063179,10.517,0.019016829894456595,13,0.7973946660760189,0
47355,b'HIGALBM333.0482+0.0369',333.048182,0.03694,11.562,0.01729804532087874,12,8.425588564665993,0
47360,b'HIGALBM333.0532+0.0293',333.053162,0.029329,11.502,0.01738828029907842,37,0.7970770485018023,0
47403,b'HIGALBM333.1129-0.5013',333.112859,-0.501326,3.659,0.05465974309920743,12,0.23796676702834366,0
47406,b'HIGALBM333.1143-0.4386',333.114323,-0.438557,11.468,0.017439832577607256,6,2.7084256802030775,0
47413,b'HIGALBM333.1206-0.4780',333.120579,-0.478024,11.468,0.017439832577607256,0,,0
47417,b'HIGALBM333.1220-0.4338',333.122012,-0.433784,11.468,0.017439832577607256,23,2.688992937771755,0
47420,b'HIGALBM333.1246-0.4244',333.124616,-0.424411,3.605,0.05547850208044383,26,0.26808557592233634,0
47424,b'HIGALBM333.1297-0.5603',333.129735,-0.560291,3.659,0.05465974309920743,68,0.04739322678574576,4
47435,b'HIGALBM333.1492-0.4460',333.149173,-0.445954,11.468,0.017439832577607256,6,2.7084256802030775,0
47439,b'HIGALBM333.1631-0.1002',333.163111,-0.100161,11.833,0.016901884560128453,24,8.749381417077428,0
47444,b'HIGALBM333.1680-0.4301',333.167981,-0.430066,11.577,0.01727563272004837,6,2.7084256802030775,0
47455,b'HIGALBM333.1843-0.0906',333.18431,-0.090571,11.062,0.01807991321641656,12,0.16113869194930747,0
47493,b'HIGALBM333.2207-0.4017',333.220702,-0.401673,11.577,0.01727563272004837,12,0.23773063777580403,0
47505,b'HIGALBM333.2343-0.0603',333.234262,-0.060262,3.965,0.05044136191677175,49,0.04375384853944969,4
47515,b'HIGALBM333.2451+0.0568',333.245075,0.056793,3.392,0.0589622641509434,12,0.23723894811028748,0
47517,b'HIGALBM333.2479+0.0660',333.24785,0.066048,3.392,0.0589622641509434,0,,0
47527,b'HIGALBM333.2640+0.0405',333.264018,0.040486,3.392,0.0589622641509434,0,,0
47549,b'HIGALBM333.2857-0.3738',333.285749,-0.373785,3.554,0.056274620146314014,18,2.7185773995291482,0
47553,b'HIGALBM333.2891-0.3876',333.289115,-0.387634,3.554,0.056274620146314014,47,0.23752648485127864,0
47562,b'HIGALBM333.3010-0.3535',333.300975,-0.353501,3.55,0.056338028169014086,14,2.7185773995291482,0
47565,b'HIGALBM333.3037-0.3671',333.303749,-0.367105,11.645,0.017174753112924,38,0.26786135991218296,0
47569,b'HIGALBM333.3071-0.3482',333.307121,-0.348204,3.55,0.056338028169014086,0,,0
47571,b'HIGALBM333.3098-0.3667',333.309821,-0.366658,3.55,0.056338028169014086,46,0.23747739728772357,0
47573,b'HIGALBM333.3143-0.3784',333.314298,-0.378435,11.645,0.017174753112924,14,2.7185773995291482,0
47575,b'HIGALBM333.3153+0.1055',333.315262,0.105535,11.739,0.01703722633955192,12,0.23848380101456,0
47588,b'HIGALBM333.3401-0.1275',333.340136,-0.127472,3.496,0.057208237986270026,0,,0
47610,b'HIGALBM333.3752-0.2013',333.375241,-0.201301,11.753,0.01701693184718795,0,,0
47618,b'HIGALBM333.3873+0.0318',333.387309,0.031796,11.746,0.017027073046143367,0,,0
47658,b'HIGALBM333.4661-0.1641',333.466096,-0.164091,3.406,0.058719906048150326,105,0.04719031955440558,4
47690,b'HIGALBM333.5251-0.2645',333.525069,-0.264488,11.82,0.01692047377326565,74,0.7061945020279177,0
47701,b'HIGALBM333.5398-0.2423',333.539831,-0.242309,11.82,0.01692047377326565,18,0.7061945020279177,0
47718,b'HIGALBM333.5590-0.2338',333.558996,-0.233823,11.82,0.01692047377326565,18,0.7061945020279177,0
47748,b'HIGALBM333.5984-0.1835',333.598449,-0.183535,3.508,0.05701254275940707,0,,0
47839,b'HIGALBM333.7330-0.4254',333.733009,-0.42545,11.891,0.01681944327642755,0,,0
47858,b'HIGALBM333.7595+0.3635',333.75954,0.363505,2.543,0.07864726700747149,13,0.7979063897036824,0
47937,b'HIGALBM333.9303-0.1320',333.930289,-0.132018,12.071,0.016568635572860577,12,0.23797459480366187,0
48156,b'HIGALBM334.3279-0.2875',334.327925,-0.28746,12.154,0.01645548790521639,13,0.7969013485109582,0
48162,b'HIGALBM334.3321+0.9644',334.332058,0.964362,3.696,0.05411255411255411,0,,0
48167,b'HIGALBM334.3433+0.0481',334.343346,0.048082,10.109,0.019784350578692253,24,9.288377722243473,0
48366,b'HIGALBM334.6562-0.2852',334.656163,-0.285216,11.965,0.01671541997492687,24,10.937421497843268,0
48440,b'HIGALBM334.8404-0.1974',334.840384,-0.197438,12.087,0.01654670306941342,0,,0
48496,b'HIGALBM334.9722-0.0485',334.972227,-0.048487,11.735,0.017043033659991477,24,10.805026738558835,0
48546,b'HIGALBM335.0596-0.4280',335.059649,-0.428039,2.971,0.06731740154830024,30,0.14968548170613405,0
48611,b'HIGALBM335.2193-0.3427',335.21932,-0.34275,3.027,0.06607201850016518,20,0.34786407002481134,0
48711,b'HIGALBM335.4261-0.2397',335.426077,-0.239703,3.208,0.06234413965087282,0,,0
48791,b'HIGALBM335.5848-0.2894',335.584821,-0.289363,3.277,0.061031431187061336,213,0.04277930495176839,4
48842,b'HIGALBM335.6873-0.8108',335.687329,-0.810767,3.66,0.0546448087431694,12,0.23721573196527082,0
48897,b'HIGALBM335.7890+0.1747',335.789046,0.174702,11.897,0.01681096074640666,176,0.04750945840441876,0
49012,b'HIGALBM336.0183-0.8269',336.018334,-0.82692,12.021,0.016637550952499792,29,0.022501784578619056,0
49013,b'HIGALBM336.0204-0.8151',336.020408,-0.815088,12.021,0.016637550952499792,4,10.57094662285893,0
49017,b'HIGALBM336.0266-0.8167',336.02664,-0.81669,12.021,0.016637550952499792,4,10.57094662285893,0
49225,b'HIGALBM336.3585-0.1371',336.358492,-0.137065,8.845,0.022611644997173545,52,0.27082222513674875,0
49252,b'HIGALBM336.4102-0.2559',336.410158,-0.255885,10.34,0.019342359767891684,4,1.8728861399379448,0
49262,b'HIGALBM336.4325-0.2618',336.432534,-0.261783,10.34,0.019342359767891684,0,,0
49305,b'HIGALBM336.4957-0.2578',336.495655,-0.257836,10.205,0.019598236158745713,0,,0
49493,b'HIGALBM336.7737+0.0535',336.773664,0.053491,10.881,0.018380663541953866,0,,0
49520,b'HIGALBM336.8173+0.0604',336.817307,0.06035,10.881,0.018380663541953866,0,,0
49525,b'HIGALBM336.8229+0.0282',336.822874,0.028243,10.794,0.01852881230313137,24,1.0281878585186577,0
49561,b'HIGALBM336.8646+0.0053',336.864577,0.005254,10.804,0.018511662347278787,28,0.27104558026913655,0
49571,b'HIGALBM336.8773-0.0302',336.877267,-0.030202,10.804,0.018511662347278787,0,,0
49575,b'HIGALBM336.8805-0.0043',336.880496,-0.00433,10.804,0.018511662347278787,8,12.601004868090483,0
49577,b'HIGALBM336.8867+0.0485',336.886742,0.048544,10.921,0.01831334126911455,0,,0
49587,b'HIGALBM336.9002-0.0321',336.900208,-0.032108,11.113,0.017996940520111582,0,,0
49594,b'HIGALBM336.9069-0.1618',336.906878,-0.161752,10.936,0.018288222384784197,0,,0
49598,b'HIGALBM336.9157-0.0237',336.915667,-0.023728,11.113,0.017996940520111582,12,0.1354420185386384,0
49617,b'HIGALBM336.9412-0.1563',336.941184,-0.156265,10.936,0.018288222384784197,4,1.6239244824910184,0
49642,b'HIGALBM336.9811-0.0038',336.981065,-0.003831,10.937,0.018286550242296792,0,,0
49645,b'HIGALBM336.9836-0.1829',336.983558,-0.182877,10.806,0.018508236165093468,18,0.44318583643096726,0
49659,b'HIGALBM336.9940-0.0270',336.993962,-0.02698,10.937,0.018286550242296792,36,0.27097620860899085,0
49664,b'HIGALBM337.0041+0.3233',337.004114,0.323317,11.29,0.01771479185119575,28,0.27107911890392206,0
49755,b'HIGALBM337.1225-0.1732',337.122546,-0.173218,10.908,0.018335166850018333,32,0.2713734317218796,0
49762,b'HIGALBM337.1257-0.1839',337.125691,-0.183867,10.908,0.018335166850018333,20,1.6296613935008613,0
49765,b'HIGALBM337.1296-0.1617',337.129602,-0.161664,10.864,0.018409425625920472,8,12.595539633306329,0
49790,b'HIGALBM337.1732-0.0575',337.173217,-0.057467,11.089,0.01803589142393363,0,,0
49793,b'HIGALBM337.1756-0.0324',337.175566,-0.03242,11.134,0.017962996227770794,12,0.23662213202029397,0
49803,b'HIGALBM337.1869-0.0577',337.186946,-0.057665,11.089,0.01803589142393363,0,,0
49812,b'HIGALBM337.2015+0.1142',337.201484,0.114161,10.988,0.018201674554058973,0,,0
49851,b'HIGALBM337.2581-0.1008',337.258051,-0.100834,11.41,0.017528483786152498,0,,0
49980,b'HIGALBM337.4251-0.4022',337.42505,-0.402181,3.042,0.06574621959237344,5,11.362380197675321,0
49987,b'HIGALBM337.4367-0.3974',337.436723,-0.397385,3.1,0.06451612903225806,5,11.362380197675321,0
50105,b'HIGALBM337.6124-0.0595',337.612358,-0.059536,3.815,0.05242463958060288,28,0.2707633178829047,0
50107,b'HIGALBM337.6185-0.0612',337.618468,-0.061213,3.815,0.05242463958060288,28,0.2707633178829047,0
50110,b'HIGALBM337.6320-0.0786',337.631975,-0.078637,3.815,0.05242463958060288,18,0.44074101903491825,0
50131,b'HIGALBM337.6653-0.1759',337.665251,-0.175921,11.912,0.0167897918065816,0,,0
50172,b'HIGALBM337.7051-0.3503',337.705093,-0.350258,3.345,0.059790732436472344,5,11.451001826415695,0
50173,b'HIGALBM337.7053-0.0535',337.705276,-0.053539,11.768,0.01699524133242692,60,0.1428009743840257,0
50176,b'HIGALBM337.7121+0.0878',337.712085,0.087772,11.573,0.017281603732826407,0,,0
50240,b'HIGALBM337.8438-0.3747',337.84385,-0.374714,12.23,0.016353229762878167,37,0.24359567511164434,0
50261,b'HIGALBM337.9041-0.4431',337.904079,-0.443064,3.133,0.06383657835939993,10,12.446046267710585,0
50266,b'HIGALBM337.9118-0.4607',337.911848,-0.460683,3.133,0.06383657835939993,17,0.3284775127196651,0
50271,b'HIGALBM337.9191-0.4940',337.919082,-0.493992,3.133,0.06383657835939993,21,0.3284775127196651,0
50279,b'HIGALBM337.9272-0.4575',337.927202,-0.457521,3.133,0.06383657835939993,9,11.622708785852554,0
50285,b'HIGALBM337.9344-0.5065',337.934391,-0.506505,12.683,0.01576913979342427,17,0.23654370191820281,0
50309,b'HIGALBM337.9708+0.0910',337.970809,0.090991,12.079,0.016557662058117394,0,,0
50329,b'HIGALBM337.9949+0.0787',337.994915,0.078725,12.079,0.016557662058117394,0,,0
50331,b'HIGALBM337.9973+0.1360',337.997286,0.136013,12.131,0.0164866870002473,0,,0
50333,b'HIGALBM337.9995-0.1505',337.999517,-0.150532,11.351,0.01761959298740199,0,,0
50336,b'HIGALBM338.0063+0.0174',338.006311,0.017444,11.684,0.017117425539198903,4,3.059736978793902,0
50372,b'HIGALBM338.0751+0.0118',338.075109,0.01175,11.775,0.016985138004246284,8,0.1428381528301202,0
50490,b'HIGALBM338.2803+0.5422',338.28032,0.54215,4.245,0.04711425206124853,12,0.2357252779912556,0
50494,b'HIGALBM338.2874+0.1197',338.287444,0.119697,2.976,0.06720430107526881,0,,0
50530,b'HIGALBM338.3247-0.4086',338.32469,-0.408588,5.904,0.03387533875338753,23,2.481018276197897,0
50532,b'HIGALBM338.3250+0.1541',338.324994,0.154143,12.946,0.015448787270199289,0,,0
50539,b'HIGALBM338.3319+0.1318',338.33185,0.131804,12.946,0.015448787270199289,0,,0
50548,b'HIGALBM338.3478+0.1335',338.347751,0.133527,12.946,0.015448787270199289,0,,0
50551,b'HIGALBM338.3534+0.1477',338.353399,0.147715,12.946,0.015448787270199289,0,,0
50555,b'HIGALBM338.3565+0.1532',338.35648,0.15316,12.946,0.015448787270199289,0,,0
50559,b'HIGALBM338.3616+0.1405',338.361637,0.14052,12.946,0.015448787270199289,0,,0
50564,b'HIGALBM338.3737-0.1517',338.373726,-0.151661,12.711,0.01573440327275588,0,,0
50571,b'HIGALBM338.3878+0.1619',338.387836,0.161892,12.89,0.015515903801396431,0,,0
50572,b'HIGALBM338.3899+0.1716',338.389859,0.171622,13.082,0.015288182235132243,0,,0
50584,b'HIGALBM338.4005+0.0354',338.400523,0.035366,13.013,0.015369246138476908,0,,0
50590,b'HIGALBM338.4092+0.1833',338.4092,0.18332,13.082,0.015288182235132243,0,,0
50594,b'HIGALBM338.4125+0.1936',338.412489,0.193587,13.082,0.015288182235132243,4,3.0768389578013204,0
50608,b'HIGALBM338.4290+0.0531',338.429041,0.053125,13.013,0.015369246138476908,0,,0
50611,b'HIGALBM338.4353+0.0123',338.435307,0.012252,12.596,0.015878056525881232,12,0.23609786135619723,0
50612,b'HIGALBM338.4356+0.0587',338.435578,0.058708,13.151,0.015207968975743289,0,,0
50639,b'HIGALBM338.4601-0.2448',338.460112,-0.244784,3.96,0.050505050505050504,4,1.3763036519632335,0
50641,b'HIGALBM338.4612-0.2580',338.461231,-0.258012,3.96,0.050505050505050504,4,1.3763036519632335,0
50646,b'HIGALBM338.4718+0.2889',338.471759,0.288912,2.607,0.07671653241273495,5,0.14852807056441503,0
50652,b'HIGALBM338.4755+0.0407',338.475479,0.040692,13.151,0.015207968975743289,0,,0
50659,b'HIGALBM338.4890+0.0448',338.489005,0.044849,13.151,0.015207968975743289,12,0.2356493405322726,0
50702,b'HIGALBM338.5614+0.2175',338.561356,0.217491,12.96,0.015432098765432098,0,,0
50705,b'HIGALBM338.5663+0.1100',338.56631,0.109992,12.963,0.015428527347064723,0,,0
50710,b'HIGALBM338.5681-0.1445',338.568113,-0.144464,12.212,0.016377333770062234,40,0.13378161797883426,0
50729,b'HIGALBM338.5955-0.0032',338.595511,-0.003238,9.884,0.020234722784297856,0,,0
50775,b'HIGALBM338.6810-0.0844',338.681034,-0.084411,2.406,0.0831255195344971,0,,0
50871,b'HIGALBM338.8497+0.4090',338.849688,0.40897,11.767,0.01699668564629897,52,0.27081681651505163,0
50897,b'HIGALBM338.8866+0.5969',338.886602,0.596946,4.325,0.046242774566473986,12,0.23475278450577455,0
50913,b'HIGALBM338.9160+0.3830',338.916042,0.382961,4.1,0.04878048780487805,0,,0
50919,b'HIGALBM338.9260+0.6340',338.925968,0.633988,4.468,0.044762757385854966,51,0.14262895757611935,0
50924,b'HIGALBM338.9285+0.3905',338.928485,0.390544,4.1,0.04878048780487805,0,,0
50928,b'HIGALBM338.9345-0.0622',338.934491,-0.062193,3.48,0.05747126436781609,8,0.5139851265149481,0
51054,b'HIGALBM339.1039+0.1478',339.103924,0.14781,13.372,0.014956625785222853,48,0.1332221413986706,0
51160,b'HIGALBM339.2823+0.1356',339.282315,0.135583,2.448,0.08169934640522876,12,0.23480947921659184,0
51282,b'HIGALBM339.4670+0.0832',339.466952,0.083245,13.907,0.014381246854102251,12,0.13292028530735173,0
51293,b'HIGALBM339.4767+0.1850',339.476676,0.18501,10.444,0.019149751053236307,0,,0
51304,b'HIGALBM339.4865+0.0894',339.486495,0.089407,13.907,0.014381246854102251,36,0.13284987599160505,0
51379,b'HIGALBM339.5843-0.1280',339.584271,-0.128018,2.611,0.07659900421294523,18,2.4725345689298694,0
51386,b'HIGALBM339.5900+0.0830',339.590041,0.083034,14.068,0.014216661927779357,12,0.13284555426002018,0
51410,b'HIGALBM339.6221-0.1209',339.622131,-0.12085,2.611,0.07659900421294523,52,0.2354577650713871,0
51478,b'HIGALBM339.7467+0.0948',339.746689,0.0948,13.535,0.014776505356483192,0,,0
51585,b'HIGALBM339.9266-0.0834',339.926596,-0.083379,13.194,0.015158405335758678,12,0.2348333427729249,0
51594,b'HIGALBM339.9423-0.0936',339.942335,-0.093568,13.194,0.015158405335758678,0,,0
51596,b'HIGALBM339.9485-0.5389',339.948478,-0.538934,12.885,0.015521924718665115,12,0.13307786323175325,0
51602,b'HIGALBM339.9548+0.0591',339.954776,0.059076,13.616,0.014688601645123384,0,,0
51615,b'HIGALBM339.9799-0.5384',339.979859,-0.538449,12.586,0.01589067217543302,0,,0
51619,b'HIGALBM339.9861-0.4249',339.986096,-0.424905,12.946,0.015448787270199289,0,,0
51662,b'HIGALBM340.0715+0.9291',340.071462,0.929051,4.841,0.04131377814501136,0,,0
51784,b'HIGALBM340.2377-0.3680',340.237667,-0.368,12.158,0.016450074025333113,38,9.856035940556826,0
51796,b'HIGALBM340.2488-0.3715',340.248847,-0.37154,12.158,0.016450074025333113,58,0.2671380735095101,0
51797,b'HIGALBM340.2495-0.0456',340.24953,-0.045615,9.304,0.021496130696474634,28,0.2673745516332671,0
51815,b'HIGALBM340.2740-0.2098',340.274017,-0.209797,3.737,0.05351886540005352,8,0.4439233713238665,0
51932,b'HIGALBM340.4487-0.5571',340.44872,-0.557111,3.489,0.05732301519059903,0,,0
52111,b'HIGALBM340.7854-0.0957',340.785418,-0.095655,12.778,0.015651901706057285,8,0.5106326281585378,0
52162,b'HIGALBM340.8771-0.3735',340.877085,-0.373533,12.547,0.01594006535426795,12,0.2343928775827643,0
52291,b'HIGALBM341.1268-0.3456',341.126849,-0.345591,3.536,0.05656108597285068,40,0.2342015934059352,0
52351,b'HIGALBM341.2149-0.2359',341.214889,-0.235877,12.386,0.016147263038914905,83,0.23416306975355428,0
52354,b'HIGALBM341.2174-0.2116',341.217444,-0.211593,3.661,0.054629882545752524,12,0.23518363376402138,0
52368,b'HIGALBM341.2376-0.2697',341.237585,-0.26971,3.495,0.05722460658082976,12,0.23425603557312957,0
52383,b'HIGALBM341.2627-0.2992',341.262729,-0.299204,3.495,0.05722460658082976,0,,0
52390,b'HIGALBM341.2756+0.0620',341.275614,0.061989,2.0,0.1,0,,0
52401,b'HIGALBM341.2886-0.2902',341.288603,-0.290213,3.495,0.05722460658082976,0,,0
52598,b'HIGALBM341.7013+0.0528',341.701297,0.052788,12.964,0.015427337241592102,0,,0
52705,b'HIGALBM341.9273-0.1685',341.927339,-0.168461,3.495,0.05722460658082976,12,0.28620534707508594,0
52713,b'HIGALBM341.9409-0.1669',341.940926,-0.166943,3.495,0.05722460658082976,12,0.28641465697554447,0
52737,b'HIGALBM341.9734+0.2256',341.973405,0.2256,2.0,0.1,0,,0
52779,b'HIGALBM342.0590+0.4212',342.058984,0.421151,5.14,0.038910505836575876,12,0.2860025397956351,0
52875,b'HIGALBM342.2497+0.3086',342.249681,0.308638,2.0,0.1,0,,0
52940,b'HIGALBM342.3568+0.1077',342.356849,0.107714,2.0,0.1,24,11.266940036432732,0
52949,b'HIGALBM342.3686+0.1401',342.368569,0.140063,11.124,0.017979144192736426,0,,0
52956,b'HIGALBM342.3834+0.1239',342.383441,0.123886,11.124,0.017979144192736426,0,,0
53008,b'HIGALBM342.4841+0.1825',342.484074,0.182457,5.163,0.03873716831299632,0,,0
53104,b'HIGALBM342.7076+0.1257',342.707615,0.125695,4.011,0.049862877088007976,40,0.27173599375349256,0
53206,b'HIGALBM342.9585-0.3180',342.958524,-0.317981,12.959,0.01543328960567945,0,,0
53382,b'HIGALBM343.3533-0.0782',343.353303,-0.078164,2.0,0.1,4,4.712638996285419,0
53383,b'HIGALBM343.3538-0.0666',343.353777,-0.066623,2.0,0.1,4,4.712638996285419,0
53444,b'HIGALBM343.4772-0.0276',343.47718,-0.027616,13.432,0.014889815366289458,0,,0
53450,b'HIGALBM343.4873-0.0608',343.487299,-0.060809,2.0,0.1,4,3.0312601196649074,0
53459,b'HIGALBM343.5014-0.4723',343.501433,-0.472274,2.0,0.1,0,,0
53460,b'HIGALBM343.5024-0.0138',343.502431,-0.013833,13.357,0.014973422175638242,0,,0
53468,b'HIGALBM343.5212-0.5172',343.521156,-0.517161,2.0,0.1,64,0.2859102301032721,0
53529,b'HIGALBM343.6891-0.0185',343.689078,-0.018512,2.0,0.1,0,,0
53542,b'HIGALBM343.7207-0.2228',343.720734,-0.222793,2.0,0.1,13,0.7555215287493596,0
53560,b'HIGALBM343.7560-0.1629',343.756048,-0.162912,2.892,0.06915629322268327,108,0.4330012532479665,0
53615,b'HIGALBM343.8594-0.1008',343.859431,-0.100801,2.0,0.1,13,0.7555219180651851,0
53639,b'HIGALBM343.9037-0.6711',343.903727,-0.671098,2.692,0.07429420505200594,12,0.2860947898938355,0
53651,b'HIGALBM343.9291+0.1251',343.929146,0.125134,17.483,0.011439684264714294,0,,0
53734,b'HIGALBM344.1032-0.6609',344.103168,-0.660895,2.71,0.07380073800738007,31,1.1331097653103992,0
53800,b'HIGALBM344.2210-0.5932',344.220997,-0.593159,2.643,0.07567158531971245,64,0.18130378893388915,0
53805,b'HIGALBM344.2265-0.5702',344.226457,-0.570171,2.643,0.07567158531971245,16,0.43149853311182323,0
53806,b'HIGALBM344.2281-0.5833',344.228051,-0.583326,2.643,0.07567158531971245,13,12.840184158237985,0
53892,b'HIGALBM344.4217+0.0454',344.421709,0.045373,11.802,0.01694628029147602,36,0.1608634538841716,0
53895,b'HIGALBM344.4252+0.0468',344.425219,0.046837,11.802,0.01694628029147602,30,0.1608634538841716,0
53970,b'HIGALBM344.5816-0.0235',344.581594,-0.023491,13.122,0.015241579027587259,0,,0
54160,b'HIGALBM344.9890-0.2770',344.989015,-0.276982,2.953,0.06772773450728073,0,,0
54161,b'HIGALBM344.9898-0.2685',344.989784,-0.268453,2.953,0.06772773450728073,0,,0
54173,b'HIGALBM345.0035-0.2239',345.003471,-0.223897,5.736,0.03486750348675035,76,0.034327717854431825,7
54283,b'HIGALBM345.1801+1.0452',345.180051,1.045238,1.933,0.10346611484738748,16,0.021381204699098863,4
54289,b'HIGALBM345.1934+1.0298',345.193434,1.029762,1.933,0.10346611484738748,43,0.2690694087031435,0
54315,b'HIGALBM345.2147+1.0290',345.214742,1.028967,1.933,0.10346611484738748,8,0.5007324940328866,0
54317,b'HIGALBM345.2161+1.0192',345.216052,1.019183,1.933,0.10346611484738748,8,0.5007324940328866,0
54350,b'HIGALBM345.2619-0.4181',345.261877,-0.418131,13.602,0.014703720041170416,0,,0
54405,b'HIGALBM345.3336+1.0210',345.333583,1.020983,1.942,0.10298661174047374,12,0.284381529782113,0
54549,b'HIGALBM345.5275-0.0515',345.527521,-0.051463,15.82,0.012642225031605562,0,,0
54588,b'HIGALBM345.5817-0.0488',345.581726,-0.048848,15.042,0.013296104241457253,0,,0
54631,b'HIGALBM345.6488+0.0099',345.648765,0.009865,15.548,0.012863390789812194,8,0.4316182101698522,0
54644,b'HIGALBM345.6655-0.0037',345.665452,-0.003676,15.548,0.012863390789812194,0,,0
54662,b'HIGALBM345.6984-0.0896',345.698386,-0.08958,13.835,0.014456089627755691,0,,0
54675,b'HIGALBM345.7169+0.8169',345.71693,0.816937,1.548,0.12919896640826872,0,,0
54841,b'HIGALBM345.9850-0.0199',345.984982,-0.019935,12.85,0.01556420233463035,0,,0
54876,b'HIGALBM346.0761-0.0542',346.076112,-0.054197,10.72,0.018656716417910446,0,,0
54963,b'HIGALBM346.2334-0.3194',346.233448,-0.319399,15.033,0.013304064391671656,0,,0
55107,b'HIGALBM346.4808+0.1323',346.480847,0.132303,10.417,0.01919938561966017,0,,0
55126,b'HIGALBM346.5221+0.0851',346.522107,0.085137,16.85,0.011869436201780416,0,,0
55346,b'HIGALBM347.0798-0.3963',347.079828,-0.39626,14.897,0.01342552191716453,8,0.42572653461279963,0
55434,b'HIGALBM347.2966+0.1332',347.296607,0.133203,6.141,0.03256798567008631,0,,0
55535,b'HIGALBM347.5839+0.2167',347.583931,0.21669,5.757,0.03474031613687684,12,0.15915035617329856,0
55542,b'HIGALBM347.5976+0.2290',347.597594,0.229049,5.757,0.03474031613687684,0,,0
55544,b'HIGALBM347.6007+0.2442',347.600703,0.244167,10.945,0.01827318410232983,0,,0
55556,b'HIGALBM347.6147+0.1508',347.614744,0.150849,10.377,0.019273393080851884,0,,0
55564,b'HIGALBM347.6284+0.1483',347.62836,0.148299,10.377,0.019273393080851884,16,0.15920027761306887,0
55568,b'HIGALBM347.6317+0.2108',347.63173,0.210819,5.757,0.03474031613687684,4,2.5642360805347897,0
55574,b'HIGALBM347.6470+0.1367',347.646983,0.136745,10.318,0.01938360147315371,4,2.568314926032837,0
55673,b'HIGALBM347.8702-0.3158',347.870221,-0.315837,6.315,0.03167062549485352,16,0.15919258776873868,0
55674,b'HIGALBM347.8707+0.0140',347.870678,0.013963,13.045,0.015331544653123802,4,2.5730705364142903,0
55687,b'HIGALBM347.8983+0.0438',347.898264,0.043821,13.111,0.015254366562428495,0,,0
55689,b'HIGALBM347.9024+0.0523',347.902374,0.052335,10.915,0.01832340815391663,0,,0
55720,b'HIGALBM347.9669-0.4318',347.966915,-0.431821,10.274,0.019466614755693983,20,0.1591751685586367,0
55813,b'HIGALBM348.1709+0.4646',348.170948,0.464558,1.395,0.14336917562724014,13,1.134799112468772,0
55818,b'HIGALBM348.1752+0.4917',348.175179,0.491675,1.395,0.14336917562724014,0,,0
55825,b'HIGALBM348.1832+0.4823',348.183165,0.482315,1.395,0.14336917562724014,45,0.42733801319925646,0
56134,b'HIGALBM348.6492+0.0230',348.649179,0.023029,10.923,0.018309988098507736,0,,0
56319,b'HIGALBM348.8917-0.1799',348.891671,-0.179862,13.597,0.01470912701331176,0,,0
56440,b'HIGALBM349.0918+0.1053',349.09177,0.10535,10.89,0.018365472910927456,8,0.4248654808517884,0
56447,b'HIGALBM349.1044+0.1145',349.104398,0.114488,10.916,0.01832172957127153,0,,0
56449,b'HIGALBM349.1073+0.0803',349.107341,0.080334,10.821,0.01848258016819148,8,2.5463419759970853,0
56450,b'HIGALBM349.1078+0.0874',349.107834,0.087387,10.821,0.01848258016819148,4,2.5472802838293047,0
56475,b'HIGALBM349.1436+0.0232',349.14357,0.023221,22.024,0.009081002542680712,0,,0
56655,b'HIGALBM349.5091+1.0558',349.509085,1.055838,1.06,0.18867924528301888,78,0.31596271711234947,0
56746,b'HIGALBM349.7213+0.1214',349.721267,0.121367,9.932,0.02013693113169553,0,,0
56752,b'HIGALBM349.7292+0.1746',349.729217,0.174565,11.17,0.017905102954341987,0,,0
56815,b'HIGALBM349.8269-0.5245',349.826855,-0.524491,2.2,0.09090909090909091,0,,0
