member_ous_uid,obs_id,proposal_id,schedblock_name,target_name,spatial_resolution,frequency,band_list,scientific_category,data_rights,s_ra,s_dec,obs_release_date,antenna_arrays,is_mosaic,higal_name,dist_kpc,theta_lim_arcsec
uid://A001/X1590/X2a4f,uid://A001/X1590/X2a4f.source.G60.575-0.187.spw.29,2021.1.00311.S,G60.575-_a_06_TM1,G60.575-0.187,0.5120809025285914,231.046255627881,6,ISM and star formation,Public,296.46874999999756,24.29527777777777,2023-09-02T20:35:05.000,A001:DA57 A002:DA52 A007:DV04 A008:DV24 A010:DV15 A011:DV25 A015:DV21 A016:DA61 A022:DV02 A023:DA47 A024:DV06 A027:DV03 A033:DV01 A035:DA63 A036:DV08 A042:DA60 A043:DA55 A044:DV12 A045:DA58 A047:DA42 A048:DA46 A049:DA44 A050:DA45 A058:DA64 A062:DA65 A066:DA62 A068:DA54 A072:DA53 A073:DA43 A075:DV09 A076:DA51 A082:DA41 A083:DV22 A085:DA59 A086:DV13 A087:DV05 A088:DV11 A089:DV23 A090:DV17 A091:DV14 A092:DV18 A093:DV07 A094:DV16,F,HIGALBM60.5751-0.1859,0.186,1.075268817204301
uid://A001/X1590/X2a4f,uid://A001/X1590/X2a4f.source.G60.575-0.187.spw.27,2021.1.00311.S,G60.575-_a_06_TM1,G60.575-0.187,0.5120809025285914,219.99643470283738,6,ISM and star formation,Public,296.46874999999756,24.29527777777777,2023-09-02T20:35:05.000,A001:DA57 A002:DA52 A007:DV04 A008:DV24 A010:DV15 A011:DV25 A015:DV21 A016:DA61 A022:DV02 A023:DA47 A024:DV06 A027:DV03 A033:DV01 A035:DA63 A036:DV08 A042:DA60 A043:DA55 A044:DV12 A045:DA58 A047:DA42 A048:DA46 A049:DA44 A050:DA45 A058:DA64 A062:DA65 A066:DA62 A068:DA54 A072:DA53 A073:DA43 A075:DV09 A076:DA51 A082:DA41 A083:DV22 A085:DA59 A086:DV13 A087:DV05 A088:DV11 A089:DV23 A090:DV17 A091:DV14 A092:DV18 A093:DV07 A094:DV16,F,HIGALBM60.5751-0.1859,0.186,1.075268817204301
uid://A001/X1590/X2a4f,uid://A001/X1590/X2a4f.source.G60.575-0.187.spw.25,2021.1.00311.S,G60.575-_a_06_TM1,G60.575-0.187,0.5120809025285914,217.6264731107829,6,ISM and star formation,Public,296.46874999999756,24.29527777777777,2023-09-02T20:35:05.000,A001:DA57 A002:DA52 A007:DV04 A008:DV24 A010:DV15 A011:DV25 A015:DV21 A016:DA61 A022:DV02 A023:DA47 A024:DV06 A027:DV03 A033:DV01 A035:DA63 A036:DV08 A042:DA60 A043:DA55 A044:DV12 A045:DA58 A047:DA42 A048:DA46 A049:DA44 A050:DA45 A058:DA64 A062:DA65 A066:DA62 A068:DA54 A072:DA53 A073:DA43 A075:DV09 A076:DA51 A082:DA41 A083:DV22 A085:DA59 A086:DV13 A087:DV05 A088:DV11 A089:DV23 A090:DV17 A091:DV14 A092:DV18 A093:DV07 A094:DV16,F,HIGALBM60.5751-0.1859,0.186,1.075268817204301
uid://A001/X1590/X2a4f,uid://A001/X1590/X2a4f.source.G60.575-0.187.spw.31,2021.1.00311.S,G60.575-_a_06_TM1,G60.575-0.187,0.5120809025285914,232.86622613316584,6,ISM and star formation,Public,296.46874999999756,24.29527777777777,2023-09-02T20:35:05.000,A001:DA57 A002:DA52 A007:DV04 A008:DV24 A010:DV15 A011:DV25 A015:DV21 A016:DA61 A022:DV02 A023:DA47 A024:DV06 A027:DV03 A033:DV01 A035:DA63 A036:DV08 A042:DA60 A043:DA55 A044:DV12 A045:DA58 A047:DA42 A048:DA46 A049:DA44 A050:DA45 A058:DA64 A062:DA65 A066:DA62 A068:DA54 A072:DA53 A073:DA43 A075:DV09 A076:DA51 A082:DA41 A083:DV22 A085:DA59 A086:DV13 A087:DV05 A088:DV11 A089:DV23 A090:DV17 A091:DV14 A092:DV18 A093:DV07 A094:DV16,F,HIGALBM60.5751-0.1859,0.186,1.075268817204301
uid://A001/X2d1f/X4a8,uid://A001/X2d1f/X4a8.source.345.181+01.045.spw.31,2022.1.00700.S,345.493+_a_06_TM1,345.181+01.045,0.021381204699098863,234.49821719901018,6,ISM and star formation,Public,255.1079208333301,-40.56945000000003,2024-08-16T21:00:44.000,A090:PM01 A091:DA43 A092:DV05 A093:DV13 A096:DV06 A101:DA45 A105:DV15 A108:DV16 A111:DV24 A115:DA63 A116:DV17 A118:DV10 A120:DA44 A121:DV12 A122:DA46 A123:DA51 A124:DA47 A125:DA65 A126:DV25 A127:DV01 A128:DA60 A129:DA42 A130:DV02 A132:DA56 A133:DA49 A135:PM04 P401:DA52 P402:DA41 P404:DV09 P405:DV22 P409:DA50 P410:DV20 P411:DV04 P412:DA57 S301:DV21 S302:DV14 S303:DA54 S305:DA58 S306:DA48 S307:DV18 S308:DV08 S309:DA61 T702:PM03 W201:DA55 W202:DV07 W206:DV03 W207:DA62 W209:DA53,F,HIGALBM345.1801+1.0452,1.933,0.10346611484738748
uid://A001/X2d1f/X4a8,uid://A001/X2d1f/X4a8.source.345.181+01.045.spw.25,2022.1.00700.S,345.493+_a_06_TM1,345.181+01.045,0.021381204699098863,217.6020561848037,6,ISM and star formation,Public,255.1079208333301,-40.56945000000003,2024-08-16T21:00:44.000,A090:PM01 A091:DA43 A092:DV05 A093:DV13 A096:DV06 A101:DA45 A105:DV15 A108:DV16 A111:DV24 A115:DA63 A116:DV17 A118:DV10 A120:DA44 A121:DV12 A122:DA46 A123:DA51 A124:DA47 A125:DA65 A126:DV25 A127:DV01 A128:DA60 A129:DA42 A130:DV02 A132:DA56 A133:DA49 A135:PM04 P401:DA52 P402:DA41 P404:DV09 P405:DV22 P409:DA50 P410:DV20 P411:DV04 P412:DA57 S301:DV21 S302:DV14 S303:DA54 S305:DA58 S306:DA48 S307:DV18 S308:DV08 S309:DA61 T702:PM03 W201:DA55 W202:DV07 W206:DV03 W207:DA62 W209:DA53,F,HIGALBM345.1801+1.0452,1.933,0.10346611484738748
uid://A001/X2d1f/X4a8,uid://A001/X2d1f/X4a8.source.345.181+01.045.spw.29,2022.1.00700.S,345.493+_a_06_TM1,345.181+01.045,0.021381204699098863,231.9356169445694,6,ISM and star formation,Public,255.1079208333301,-40.56945000000003,2024-08-16T21:00:44.000,A090:PM01 A091:DA43 A092:DV05 A093:DV13 A096:DV06 A101:DA45 A105:DV15 A108:DV16 A111:DV24 A115:DA63 A116:DV17 A118:DV10 A120:DA44 A121:DV12 A122:DA46 A123:DA51 A124:DA47 A125:DA65 A126:DV25 A127:DV01 A128:DA60 A129:DA42 A130:DV02 A132:DA56 A133:DA49 A135:PM04 P401:DA52 P402:DA41 P404:DV09 P405:DV22 P409:DA50 P410:DV20 P411:DV04 P412:DA57 S301:DV21 S302:DV14 S303:DA54 S305:DA58 S306:DA48 S307:DV18 S308:DV08 S309:DA61 T702:PM03 W201:DA55 W202:DV07 W206:DV03 W207:DA62 W209:DA53,F,HIGALBM345.1801+1.0452,1.933,0.10346611484738748
uid://A001/X2d1f/X4a8,uid://A001/X2d1f/X4a8.source.345.181+01.045.spw.27,2022.1.00700.S,345.493+_a_06_TM1,345.181+01.045,0.021381204699098863,220.41466622016554,6,ISM and star formation,Public,255.1079208333301,-40.56945000000003,2024-08-16T21:00:44.000,A090:PM01 A091:DA43 A092:DV05 A093:DV13 A096:DV06 A101:DA45 A105:DV15 A108:DV16 A111:DV24 A115:DA63 A116:DV17 A118:DV10 A120:DA44 A121:DV12 A122:DA46 A123:DA51 A124:DA47 A125:DA65 A126:DV25 A127:DV01 A128:DA60 A129:DA42 A130:DV02 A132:DA56 A133:DA49 A135:PM04 P401:DA52 P402:DA41 P404:DV09 P405:DV22 P409:DA50 P410:DV20 P411:DV04 P412:DA57 S301:DV21 S302:DV14 S303:DA54 S305:DA58 S306:DA48 S307:DV18 S308:DV08 S309:DA61 T702:PM03 W201:DA55 W202:DV07 W206:DV03 W207:DA62 W209:DA53,F,HIGALBM345.1801+1.0452,1.933,0.10346611484738748
uid://A001/X2d20/X1637,uid://A001/X2d20/X1637.source.G059.7831+00.0648.spw.31,2022.1.01160.S,G059.783_a_06_TM1,G059.7831+00.0648,0.02520670095554678,256.7884035016762,6,ISM and star formation,Public,295.7967916667134,23.734333333341823,2024-12-06T12:34:04.000,A090:PM01 A091:DA43 A092:DV05 A093:DV13 A101:DA45 A105:DV15 A108:DV16 A111:DV24 A115:DA63 A116:DV17 A118:DV10 A120:DA44 A121:DV12 A122:DA46 A123:DA51 A124:DA47 A125:DA65 A126:DV25 A127:DV01 A128:DA60 A129:DA42 A130:DV02 A132:DA56 A133:DA49 A135:PM04 P401:DA52 P402:DA41 P404:DV09 P405:DV22 P407:DV06 P409:DA50 P410:DV20 P411:DV04 P412:DA57 S301:DV21 S302:DV14 S303:DA54 S305:DA58 S306:DA48 S307:DV18 S308:DV08 S309:DA61 T702:PM03 W201:DA55 W202:DV07 W206:DV03 W207:DA62 W209:DA53 W210:DV23,F,HIGALBM59.7826+0.0650,2.033,0.09837678307919331
uid://A001/X2d20/X1637,uid://A001/X2d20/X1637.source.G059.7831+00.0648.spw.25,2022.1.01160.S,G059.783_a_06_TM1,G059.7831+00.0648,0.02520670095554678,239.00515349082616,6,ISM and star formation,Public,295.7967916667134,23.734333333341823,2024-12-06T12:34:04.000,A090:PM01 A091:DA43 A092:DV05 A093:DV13 A101:DA45 A105:DV15 A108:DV16 A111:DV24 A115:DA63 A116:DV17 A118:DV10 A120:DA44 A121:DV12 A122:DA46 A123:DA51 A124:DA47 A125:DA65 A126:DV25 A127:DV01 A128:DA60 A129:DA42 A130:DV02 A132:DA56 A133:DA49 A135:PM04 P401:DA52 P402:DA41 P404:DV09 P405:DV22 P407:DV06 P409:DA50 P410:DV20 P411:DV04 P412:DA57 S301:DV21 S302:DV14 S303:DA54 S305:DA58 S306:DA48 S307:DV18 S308:DV08 S309:DA61 T702:PM03 W201:DA55 W202:DV07 W206:DV03 W207:DA62 W209:DA53 W210:DV23,F,HIGALBM59.7826+0.0650,2.033,0.09837678307919331
uid://A001/X2d20/X1637,uid://A001/X2d20/X1637.source.G059.7831+00.0648.spw.29,2022.1.01160.S,G059.783_a_06_TM1,G059.7831+00.0648,0.02520670095554678,253.98104521246626,6,ISM and star formation,Public,295.7967916667134,23.734333333341823,2024-12-06T12:34:04.000,A090:PM01 A091:DA43 A092:DV05 A093:DV13 A101:DA45 A105:DV15 A108:DV16 A111:DV24 A115:DA63 A116:DV17 A118:DV10 A120:DA44 A121:DV12 A122:DA46 A123:DA51 A124:DA47 A125:DA65 A126:DV25 A127:DV01 A128:DA60 A129:DA42 A130:DV02 A132:DA56 A133:DA49 A135:PM04 P401:DA52 P402:DA41 P404:DV09 P405:DV22 P407:DV06 P409:DA50 P410:DV20 P411:DV04 P412:DA57 S301:DV21 S302:DV14 S303:DA54 S305:DA58 S306:DA48 S307:DV18 S308:DV08 S309:DA61 T702:PM03 W201:DA55 W202:DV07 W206:DV03 W207:DA62 W209:DA53 W210:DV23,F,HIGALBM59.7826+0.0650,2.033,0.09837678307919331
uid://A001/X2d20/X1637,uid://A001/X2d20/X1637.source.G059.7831+00.0648.spw.27,2022.1.01160.S,G059.783_a_06_TM1,G059.7831+00.0648,0.02520670095554678,240.48205265183893,6,ISM and star formation,Public,295.7967916667134,23.734333333341823,2024-12-06T12:34:04.000,A090:PM01 A091:DA43 A092:DV05 A093:DV13 A101:DA45 A105:DV15 A108:DV16 A111:DV24 A115:DA63 A116:DV17 A118:DV10 A120:DA44 A121:DV12 A122:DA46 A123:DA51 A124:DA47 A125:DA65 A126:DV25 A127:DV01 A128:DA60 A129:DA42 A130:DV02 A132:DA56 A133:DA49 A135:PM04 P401:DA52 P402:DA41 P404:DV09 P405:DV22 P407:DV06 P409:DA50 P410:DV20 P411:DV04 P412:DA57 S301:DV21 S302:DV14 S303:DA54 S305:DA58 S306:DA48 S307:DV18 S308:DV08 S309:DA61 T702:PM03 W201:DA55 W202:DV07 W206:DV03 W207:DA62 W209:DA53 W210:DV23,F,HIGALBM59.7826+0.0650,2.033,0.09837678307919331
uid://A001/X2d20/X10ac,uid://A001/X2d20/X10ac.source.G294.5117-01.6205.spw.29,2022.1.01344.S,G294.511_a_06_TM1,G294.5117-01.6205,0.051054127242960406,219.66153937477253,6,ISM and star formation,Public,173.88387499999425,-63.24500000000011,2024-07-18T16:23:39.000,A027:DV03 A042:DA58 A074:DA57 A075:DA54 A076:DV04 A082:DA48 A083:DA41 A085:DA53 A086:DV07 A087:DV08 A088:DV22 A091:DA43 A092:DV05 A093:DV13 A094:DV14 A096:DV06 A101:DA45 A105:DV15 A108:DV16 A110:DA64 A111:DV24 A115:DA63 A116:DV17 A120:DA44 A121:DV12 A122:DA46 A123:DA51 A124:DA47 A126:DV25 A127:DV01 A129:DA42 A130:DV02 A132:DA56 A133:DA49 A134:DA55 P401:DA52 P404:DV09 P410:DV20 S301:DV21 S307:DV18 W207:DA62 W210:DV23,F,HIGALBM294.5120-1.6216,2.2,0.09090909090909091
uid://A001/X2d20/X10ac,uid://A001/X2d20/X10ac.source.G294.5117-01.6205.spw.35,2022.1.01344.S,G294.511_a_06_TM1,G294.5117-01.6205,0.051054127242960406,231.36469176938522,6,ISM and star formation,Public,173.88387499999425,-63.24500000000011,2024-07-18T16:23:39.000,A027:DV03 A042:DA58 A074:DA57 A075:DA54 A076:DV04 A082:DA48 A083:DA41 A085:DA53 A086:DV07 A087:DV08 A088:DV22 A091:DA43 A092:DV05 A093:DV13 A094:DV14 A096:DV06 A101:DA45 A105:DV15 A108:DV16 A110:DA64 A111:DV24 A115:DA63 A116:DV17 A120:DA44 A121:DV12 A122:DA46 A123:DA51 A124:DA47 A126:DV25 A127:DV01 A129:DA42 A130:DV02 A132:DA56 A133:DA49 A134:DA55 P401:DA52 P404:DV09 P410:DV20 S301:DV21 S307:DV18 W207:DA62 W210:DV23,F,HIGALBM294.5120-1.6216,2.2,0.09090909090909091
uid://A001/X2d20/X10ac,uid://A001/X2d20/X10ac.source.G294.5117-01.6205.spw.37,2022.1.01344.S,G294.511_a_06_TM1,G294.5117-01.6205,0.051054127242960406,233.51036400825512,6,ISM and star formation,Public,173.88387499999425,-63.24500000000011,2024-07-18T16:23:39.000,A027:DV03 A042:DA58 A074:DA57 A075:DA54 A076:DV04 A082:DA48 A083:DA41 A085:DA53 A086:DV07 A087:DV08 A088:DV22 A091:DA43 A092:DV05 A093:DV13 A094:DV14 A096:DV06 A101:DA45 A105:DV15 A108:DV16 A110:DA64 A111:DV24 A115:DA63 A116:DV17 A120:DA44 A121:DV12 A122:DA46 A123:DA51 A124:DA47 A126:DV25 A127:DV01 A129:DA42 A130:DV02 A132:DA56 A133:DA49 A134:DA55 P401:DA52 P404:DV09 P410:DV20 S301:DV21 S307:DV18 W207:DA62 W210:DV23,F,HIGALBM294.5120-1.6216,2.2,0.09090909090909091
uid://A001/X2d20/X10ac,uid://A001/X2d20/X10ac.source.G294.5117-01.6205.spw.27,2022.1.01344.S,G294.511_a_06_TM1,G294.5117-01.6205,0.051054127242960406,219.0914862908627,6,ISM and star formation,Public,173.88387499999425,-63.24500000000011,2024-07-18T16:23:39.000,A027:DV03 A042:DA58 A074:DA57 A075:DA54 A076:DV04 A082:DA48 A083:DA41 A085:DA53 A086:DV07 A087:DV08 A088:DV22 A091:DA43 A092:DV05 A093:DV13 A094:DV14 A096:DV06 A101:DA45 A105:DV15 A108:DV16 A110:DA64 A111:DV24 A115:DA63 A116:DV17 A120:DA44 A121:DV12 A122:DA46 A123:DA51 A124:DA47 A126:DV25 A127:DV01 A129:DA42 A130:DV02 A132:DA56 A133:DA49 A134:DA55 P401:DA52 P404:DV09 P410:DV20 S301:DV21 S307:DV18 W207:DA62 W210:DV23,F,HIGALBM294.5120-1.6216,2.2,0.09090909090909091
uid://A001/X2d20/X10ac,uid://A001/X2d20/X10ac.source.G294.5117-01.6205.spw.25,2022.1.01344.S,G294.511_a_06_TM1,G294.5117-01.6205,0.051054127242960406,218.0091196817657,6,ISM and star formation,Public,173.88387499999425,-63.24500000000011,2024-07-18T16:23:39.000,A027:DV03 A042:DA58 A074:DA57 A075:DA54 A076:DV04 A082:DA48 A083:DA41 A085:DA53 A086:DV07 A087:DV08 A088:DV22 A091:DA43 A092:DV05 A093:DV13 A094:DV14 A096:DV06 A101:DA45 A105:DV15 A108:DV16 A110:DA64 A111:DV24 A115:DA63 A116:DV17 A120:DA44 A121:DV12 A122:DA46 A123:DA51 A124:DA47 A126:DV25 A127:DV01 A129:DA42 A130:DV02 A132:DA56 A133:DA49 A134:DA55 P401:DA52 P404:DV09 P410:DV20 S301:DV21 S307:DV18 W207:DA62 W210:DV23,F,HIGALBM294.5120-1.6216,2.2,0.09090909090909091
uid://A001/X2d20/X10ac,uid://A001/X2d20/X10ac.source.G294.5117-01.6205.spw.33,2022.1.01344.S,G294.511_a_06_TM1,G294.5117-01.6205,0.051054127242960406,220.6616196539009,6,ISM and star formation,Public,173.88387499999425,-63.24500000000011,2024-07-18T16:23:39.000,A027:DV03 A042:DA58 A074:DA57 A075:DA54 A076:DV04 A082:DA48 A083:DA41 A085:DA53 A086:DV07 A087:DV08 A088:DV22 A091:DA43 A092:DV05 A093:DV13 A094:DV14 A096:DV06 A101:DA45 A105:DV15 A108:DV16 A110:DA64 A111:DV24 A115:DA63 A116:DV17 A120:DA44 A121:DV12 A122:DA46 A123:DA51 A124:DA47 A126:DV25 A127:DV01 A129:DA42 A130:DV02 A132:DA56 A133:DA49 A134:DA55 P401:DA52 P404:DV09 P410:DV20 S301:DV21 S307:DV18 W207:DA62 W210:DV23,F,HIGALBM294.5120-1.6216,2.2,0.09090909090909091
uid://A001/X2d20/X10ac,uid://A001/X2d20/X10ac.source.G294.5117-01.6205.spw.31,2022.1.01344.S,G294.511_a_06_TM1,G294.5117-01.6205,0.051054127242960406,220.42731739856433,6,ISM and star formation,Public,173.88387499999425,-63.24500000000011,2024-07-18T16:23:39.000,A027:DV03 A042:DA58 A074:DA57 A075:DA54 A076:DV04 A082:DA48 A083:DA41 A085:DA53 A086:DV07 A087:DV08 A088:DV22 A091:DA43 A092:DV05 A093:DV13 A094:DV14 A096:DV06 A101:DA45 A105:DV15 A108:DV16 A110:DA64 A111:DV24 A115:DA63 A116:DV17 A120:DA44 A121:DV12 A122:DA46 A123:DA51 A124:DA47 A126:DV25 A127:DV01 A129:DA42 A130:DV02 A132:DA56 A133:DA49 A134:DA55 P401:DA52 P404:DV09 P410:DV20 S301:DV21 S307:DV18 W207:DA62 W210:DV23,F,HIGALBM294.5120-1.6216,2.2,0.09090909090909091
uid://A001/X2d1f/X47e,uid://A001/X2d1f/X47e.source.035.132-00.744.spw.31,2022.1.00700.S,035.522-_a_06_TM1,035.132-00.744,0.02845098505629524,234.4974425400955,6,ISM and star formation,Public,284.5253791666996,1.618369444444673,2024-07-27T13:11:24.000,A074:DA57 A087:DV08 A090:PM01 A091:DA43 A092:DV05 A093:DV13 A094:DV14 A096:DV06 A101:DA45 A105:DV15 A108:DV16 A110:DA64 A111:DV24 A115:DA63 A116:DV17 A118:DV10 A120:DA44 A121:DV12 A124:DA47 A125:DA65 A126:DV25 A127:DV01 A128:DA60 A129:DA42 A130:DV02 A132:DA56 A133:DA49 A135:PM04 P401:DA52 P402:DA41 P404:DV09 P405:DV22 P409:DA50 P410:DV20 P411:DV04 S301:DV21 S303:DA54 S305:DA58 S307:DV18 T702:PM03 W202:DV07 W206:DV03 W209:DA53 W210:DV23,F,HIGALBM35.1320-0.7435,2.214,0.09033423667570009
uid://A001/X2d1f/X47e,uid://A001/X2d1f/X47e.source.035.132-00.744.spw.29,2022.1.00700.S,035.522-_a_06_TM1,035.132-00.744,0.02845098505629524,231.93508172211978,6,ISM and star formation,Public,284.5253791666996,1.618369444444673,2024-07-27T13:11:24.000,A074:DA57 A087:DV08 A090:PM01 A091:DA43 A092:DV05 A093:DV13 A094:DV14 A096:DV06 A101:DA45 A105:DV15 A108:DV16 A110:DA64 A111:DV24 A115:DA63 A116:DV17 A118:DV10 A120:DA44 A121:DV12 A124:DA47 A125:DA65 A126:DV25 A127:DV01 A128:DA60 A129:DA42 A130:DV02 A132:DA56 A133:DA49 A135:PM04 P401:DA52 P402:DA41 P404:DV09 P405:DV22 P409:DA50 P410:DV20 P411:DV04 S301:DV21 S303:DA54 S305:DA58 S307:DV18 T702:PM03 W202:DV07 W206:DV03 W209:DA53 W210:DV23,F,HIGALBM35.1320-0.7435,2.214,0.09033423667570009
uid://A001/X2d1f/X47e,uid://A001/X2d1f/X47e.source.035.132-00.744.spw.27,2022.1.00700.S,035.522-_a_06_TM1,035.132-00.744,0.02845098505629524,220.41520745734329,6,ISM and star formation,Public,284.5253791666996,1.618369444444673,2024-07-27T13:11:24.000,A074:DA57 A087:DV08 A090:PM01 A091:DA43 A092:DV05 A093:DV13 A094:DV14 A096:DV06 A101:DA45 A105:DV15 A108:DV16 A110:DA64 A111:DV24 A115:DA63 A116:DV17 A118:DV10 A120:DA44 A121:DV12 A124:DA47 A125:DA65 A126:DV25 A127:DV01 A128:DA60 A129:DA42 A130:DV02 A132:DA56 A133:DA49 A135:PM04 P401:DA52 P402:DA41 P404:DV09 P405:DV22 P409:DA50 P410:DV20 P411:DV04 S301:DV21 S303:DA54 S305:DA58 S307:DV18 T702:PM03 W202:DV07 W206:DV03 W209:DA53 W210:DV23,F,HIGALBM35.1320-0.7435,2.214,0.09033423667570009
uid://A001/X2d1f/X47e,uid://A001/X2d1f/X47e.source.035.132-00.744.spw.25,2022.1.00700.S,035.522-_a_06_TM1,035.132-00.744,0.02845098505629524,217.60286021810163,6,ISM and star formation,Public,284.5253791666996,1.618369444444673,2024-07-27T13:11:24.000,A074:DA57 A087:DV08 A090:PM01 A091:DA43 A092:DV05 A093:DV13 A094:DV14 A096:DV06 A101:DA45 A105:DV15 A108:DV16 A110:DA64 A111:DV24 A115:DA63 A116:DV17 A118:DV10 A120:DA44 A121:DV12 A124:DA47 A125:DA65 A126:DV25 A127:DV01 A128:DA60 A129:DA42 A130:DV02 A132:DA56 A133:DA49 A135:PM04 P401:DA52 P402:DA41 P404:DV09 P405:DV22 P409:DA50 P410:DV20 P411:DV04 S301:DV21 S303:DA54 S305:DA58 S307:DV18 T702:PM03 W202:DV07 W206:DV03 W209:DA53 W210:DV23,F,HIGALBM35.1320-0.7435,2.214,0.09033423667570009
uid://A001/X1296/Xe77,uid://A001/X1296/Xe77.source.G35.13-0.74.spw.25,2017.1.00237.S,G35.13-0_a_06_TM1,G35.13-0.74,0.04903536292028059,234.50000329466096,6,ISM and star formation,Public,284.5262433333872,1.618327222223416,2021-02-11T09:56:11.000,A027:DV06 A027:DV17 A042:DV05 A042:DV08 A058:DA41 A073:DV23 A074:DV09 A075:DA52 A075:DA56 A076:DA59 A076:DA62 A082:DA60 A082:DV24 A083:DA48 A083:DA51 A085:DA52 A085:DA63 A086:DV12 A086:DV22 A087:DV25 A088:DV04 A088:DV11 A089:DA61 A089:DV16 A090:DA56 A090:DV13 A091:DA58 A091:DA61 A092:DV14 A093:DA57 A093:DV03 A094:DV14 A094:DV19 A096:DA50 A096:PM01 A101:DA62 A101:DA65 A104:DA43 A104:DA47 A105:DA64 A108:DA50 A108:PM04 A110:DA55 A111:DV12 A111:PM02 A115:DA43 A115:DA46 A116:DV07 A116:DV08 A118:DV01 A118:DV07 A120:DA44 A120:DV19 A121:DA55 A121:PM03 A122:DV11 A123:DA42 A124:DA42 A124:DA51 A126:DV10 A126:PM01 A127:DA49 A128:DV13 A128:DV15 A129:DA46 A129:DV01 ,F,HIGALBM35.1320-0.7435,2.214,0.09033423667570009
uid://A001/X1296/Xe77,uid://A001/X1296/Xe77.source.G35.13-0.74.spw.27,2017.1.00237.S,G35.13-0_a_06_TM1,G35.13-0.74,0.04903536292028059,232.0000032595388,6,ISM and star formation,Public,284.5262433333872,1.618327222223416,2021-02-11T09:56:11.000,A027:DV06 A027:DV17 A042:DV05 A042:DV08 A058:DA41 A073:DV23 A074:DV09 A075:DA52 A075:DA56 A076:DA59 A076:DA62 A082:DA60 A082:DV24 A083:DA48 A083:DA51 A085:DA52 A085:DA63 A086:DV12 A086:DV22 A087:DV25 A088:DV04 A088:DV11 A089:DA61 A089:DV16 A090:DA56 A090:DV13 A091:DA58 A091:DA61 A092:DV14 A093:DA57 A093:DV03 A094:DV14 A094:DV19 A096:DA50 A096:PM01 A101:DA62 A101:DA65 A104:DA43 A104:DA47 A105:DA64 A108:DA50 A108:PM04 A110:DA55 A111:DV12 A111:PM02 A115:DA43 A115:DA46 A116:DV07 A116:DV08 A118:DV01 A118:DV07 A120:DA44 A120:DV19 A121:DA55 A121:PM03 A122:DV11 A123:DA42 A124:DA42 A124:DA51 A126:DV10 A126:PM01 A127:DA49 A128:DV13 A128:DV15 A129:DA46 A129:DV01 ,F,HIGALBM35.1320-0.7435,2.214,0.09033423667570009
uid://A001/X1296/Xe77,uid://A001/X1296/Xe77.source.G35.13-0.74.spw.29,2017.1.00237.S,G35.13-0_a_06_TM1,G35.13-0.74,0.04903536292028059,217.80000305984476,6,ISM and star formation,Public,284.5262433333872,1.618327222223416,2021-02-11T09:56:11.000,A027:DV06 A027:DV17 A042:DV05 A042:DV08 A058:DA41 A073:DV23 A074:DV09 A075:DA52 A075:DA56 A076:DA59 A076:DA62 A082:DA60 A082:DV24 A083:DA48 A083:DA51 A085:DA52 A085:DA63 A086:DV12 A086:DV22 A087:DV25 A088:DV04 A088:DV11 A089:DA61 A089:DV16 A090:DA56 A090:DV13 A091:DA58 A091:DA61 A092:DV14 A093:DA57 A093:DV03 A094:DV14 A094:DV19 A096:DA50 A096:PM01 A101:DA62 A101:DA65 A104:DA43 A104:DA47 A105:DA64 A108:DA50 A108:PM04 A110:DA55 A111:DV12 A111:PM02 A115:DA43 A115:DA46 A116:DV07 A116:DV08 A118:DV01 A118:DV07 A120:DA44 A120:DV19 A121:DA55 A121:PM03 A122:DV11 A123:DA42 A124:DA42 A124:DA51 A126:DV10 A126:PM01 A127:DA49 A128:DV13 A128:DV15 A129:DA46 A129:DV01 ,F,HIGALBM35.1320-0.7435,2.214,0.09033423667570009
uid://A001/X1296/Xe77,uid://A001/X1296/Xe77.source.G35.13-0.74.spw.31,2017.1.00237.S,G35.13-0_a_06_TM1,G35.13-0.74,0.04903536292028059,220.00000309075227,6,ISM and star formation,Public,284.5262433333872,1.618327222223416,2021-02-11T09:56:11.000,A027:DV06 A027:DV17 A042:DV05 A042:DV08 A058:DA41 A073:DV23 A074:DV09 A075:DA52 A075:DA56 A076:DA59 A076:DA62 A082:DA60 A082:DV24 A083:DA48 A083:DA51 A085:DA52 A085:DA63 A086:DV12 A086:DV22 A087:DV25 A088:DV04 A088:DV11 A089:DA61 A089:DV16 A090:DA56 A090:DV13 A091:DA58 A091:DA61 A092:DV14 A093:DA57 A093:DV03 A094:DV14 A094:DV19 A096:DA50 A096:PM01 A101:DA62 A101:DA65 A104:DA43 A104:DA47 A105:DA64 A108:DA50 A108:PM04 A110:DA55 A111:DV12 A111:PM02 A115:DA43 A115:DA46 A116:DV07 A116:DV08 A118:DV01 A118:DV07 A120:DA44 A120:DV19 A121:DA55 A121:PM03 A122:DV11 A123:DA42 A124:DA42 A124:DA51 A126:DV10 A126:PM01 A127:DA49 A128:DV13 A128:DV15 A129:DA46 A129:DV01 ,F,HIGALBM35.1320-0.7435,2.214,0.09033423667570009
uid://A001/X1296/X4ff,uid://A001/X1296/X4ff.source.G35.2-0.74N.spw.37,2017.1.00181.S,G35.2-0._a_06_TM1,G35.2-0.74N,0.03065794558932072,217.08039204225963,6,ISM and star formation,Public,284.5543041667224,1.6767055555566552,2019-01-27T14:05:12.000,A027:DV06 A074:DV09 A087:DV25 A089:DA61 A090:DA56 A091:DA58 A092:DV14 A093:DA57 A094:DV19 A096:PM01 A101:DA62 A104:DA47 A108:DA50 A110:DA41 A111:PM02 A115:DA43 A116:DV07 A118:DV01 A120:DA44 A121:DA55 A122:DV11 A123:DA42 A124:DA51 A126:DV10 A127:DA49 A128:DV13 A129:DA46 A130:DV15 A131:PM03 A132:DV23 A133:PM04 A135:DA45 P401:DA65 P402:DV20 P404:DV16 P405:DV03 P409:DV04 P410:DA64 P411:DV08 S301:DA60 S303:DA63 S305:DA59 S306:DV12 S307:DV05 S308:DA52 W202:DA54 W207:DV17 W209:DA48 W210:DV22,F,HIGALBM35.1968-0.7421,2.347,0.08521516829995739
uid://A001/X1296/X4ff,uid://A001/X1296/X4ff.source.G35.2-0.74N.spw.31,2017.1.00181.S,G35.2-0._a_06_TM1,G35.2-0.74N,0.03065794558932072,218.41519769679422,6,ISM and star formation,Public,284.5543041667224,1.6767055555566552,2019-01-27T14:05:12.000,A027:DV06 A074:DV09 A087:DV25 A089:DA61 A090:DA56 A091:DA58 A092:DV14 A093:DA57 A094:DV19 A096:PM01 A101:DA62 A104:DA47 A108:DA50 A110:DA41 A111:PM02 A115:DA43 A116:DV07 A118:DV01 A120:DA44 A121:DA55 A122:DV11 A123:DA42 A124:DA51 A126:DV10 A127:DA49 A128:DV13 A129:DA46 A130:DV15 A131:PM03 A132:DV23 A133:PM04 A135:DA45 P401:DA65 P402:DV20 P404:DV16 P405:DV03 P409:DV04 P410:DA64 P411:DV08 S301:DA60 S303:DA63 S305:DA59 S306:DV12 S307:DV05 S308:DA52 W202:DA54 W207:DV17 W209:DA48 W210:DV22,F,HIGALBM35.1968-0.7421,2.347,0.08521516829995739
uid://A001/X1296/X4ff,uid://A001/X1296/X4ff.source.G35.2-0.74N.spw.27,2017.1.00181.S,G35.2-0._a_06_TM1,G35.2-0.74N,0.03065794558932072,230.58379791610764,6,ISM and star formation,Public,284.5543041667224,1.6767055555566552,2019-01-27T14:05:12.000,A027:DV06 A074:DV09 A087:DV25 A089:DA61 A090:DA56 A091:DA58 A092:DV14 A093:DA57 A094:DV19 A096:PM01 A101:DA62 A104:DA47 A108:DA50 A110:DA41 A111:PM02 A115:DA43 A116:DV07 A118:DV01 A120:DA44 A121:DA55 A122:DV11 A123:DA42 A124:DA51 A126:DV10 A127:DA49 A128:DV13 A129:DA46 A130:DV15 A131:PM03 A132:DV23 A133:PM04 A135:DA45 P401:DA65 P402:DV20 P404:DV16 P405:DV03 P409:DV04 P410:DA64 P411:DV08 S301:DA60 S303:DA63 S305:DA59 S306:DV12 S307:DV05 S308:DA52 W202:DA54 W207:DV17 W209:DA48 W210:DV22,F,HIGALBM35.1968-0.7421,2.347,0.08521516829995739
uid://A001/X1296/X4ff,uid://A001/X1296/X4ff.source.G35.2-0.74N.spw.35,2017.1.00181.S,G35.2-0._a_06_TM1,G35.2-0.74N,0.03065794558932072,220.29894200305583,6,ISM and star formation,Public,284.5543041667224,1.6767055555566552,2019-01-27T14:05:12.000,A027:DV06 A074:DV09 A087:DV25 A089:DA61 A090:DA56 A091:DA58 A092:DV14 A093:DA57 A094:DV19 A096:PM01 A101:DA62 A104:DA47 A108:DA50 A110:DA41 A111:PM02 A115:DA43 A116:DV07 A118:DV01 A120:DA44 A121:DA55 A122:DV11 A123:DA42 A124:DA51 A126:DV10 A127:DA49 A128:DV13 A129:DA46 A130:DV15 A131:PM03 A132:DV23 A133:PM04 A135:DA45 P401:DA65 P402:DV20 P404:DV16 P405:DV03 P409:DV04 P410:DA64 P411:DV08 S301:DA60 S303:DA63 S305:DA59 S306:DV12 S307:DV05 S308:DA52 W202:DA54 W207:DV17 W209:DA48 W210:DV22,F,HIGALBM35.1968-0.7421,2.347,0.08521516829995739
uid://A001/X1296/X4ff,uid://A001/X1296/X4ff.source.G35.2-0.74N.spw.25,2017.1.00181.S,G35.2-0._a_06_TM1,G35.2-0.74N,0.03065794558932072,231.87469302198954,6,ISM and star formation,Public,284.5543041667224,1.6767055555566552,2019-01-27T14:05:12.000,A027:DV06 A074:DV09 A087:DV25 A089:DA61 A090:DA56 A091:DA58 A092:DV14 A093:DA57 A094:DV19 A096:PM01 A101:DA62 A104:DA47 A108:DA50 A110:DA41 A111:PM02 A115:DA43 A116:DV07 A118:DV01 A120:DA44 A121:DA55 A122:DV11 A123:DA42 A124:DA51 A126:DV10 A127:DA49 A128:DV13 A129:DA46 A130:DV15 A131:PM03 A132:DV23 A133:PM04 A135:DA45 P401:DA65 P402:DV20 P404:DV16 P405:DV03 P409:DV04 P410:DA64 P411:DV08 S301:DA60 S303:DA63 S305:DA59 S306:DV12 S307:DV05 S308:DA52 W202:DA54 W207:DV17 W209:DA48 W210:DV22,F,HIGALBM35.1968-0.7421,2.347,0.08521516829995739
uid://A001/X1296/X4ff,uid://A001/X1296/X4ff.source.G35.2-0.74N.spw.33,2017.1.00181.S,G35.2-0._a_06_TM1,G35.2-0.74N,0.03065794558932072,219.53546478459089,6,ISM and star formation,Public,284.5543041667224,1.6767055555566552,2019-01-27T14:05:12.000,A027:DV06 A074:DV09 A087:DV25 A089:DA61 A090:DA56 A091:DA58 A092:DV14 A093:DA57 A094:DV19 A096:PM01 A101:DA62 A104:DA47 A108:DA50 A110:DA41 A111:PM02 A115:DA43 A116:DV07 A118:DV01 A120:DA44 A121:DA55 A122:DV11 A123:DA42 A124:DA51 A126:DV10 A127:DA49 A128:DV13 A129:DA46 A130:DV15 A131:PM03 A132:DV23 A133:PM04 A135:DA45 P401:DA65 P402:DV20 P404:DV16 P405:DV03 P409:DV04 P410:DA64 P411:DV08 S301:DA60 S303:DA63 S305:DA59 S306:DV12 S307:DV05 S308:DA52 W202:DA54 W207:DV17 W209:DA48 W210:DV22,F,HIGALBM35.1968-0.7421,2.347,0.08521516829995739
uid://A001/X1296/X4ff,uid://A001/X1296/X4ff.source.G35.2-0.74N.spw.39,2017.1.00181.S,G35.2-0._a_06_TM1,G35.2-0.74N,0.03065794558932072,216.6187106511681,6,ISM and star formation,Public,284.5543041667224,1.6767055555566552,2019-01-27T14:05:12.000,A027:DV06 A074:DV09 A087:DV25 A089:DA61 A090:DA56 A091:DA58 A092:DV14 A093:DA57 A094:DV19 A096:PM01 A101:DA62 A104:DA47 A108:DA50 A110:DA41 A111:PM02 A115:DA43 A116:DV07 A118:DV01 A120:DA44 A121:DA55 A122:DV11 A123:DA42 A124:DA51 A126:DV10 A127:DA49 A128:DV13 A129:DA46 A130:DV15 A131:PM03 A132:DV23 A133:PM04 A135:DA45 P401:DA65 P402:DV20 P404:DV16 P405:DV03 P409:DV04 P410:DA64 P411:DV08 S301:DA60 S303:DA63 S305:DA59 S306:DV12 S307:DV05 S308:DA52 W202:DA54 W207:DV17 W209:DA48 W210:DV22,F,HIGALBM35.1968-0.7421,2.347,0.08521516829995739
uid://A001/X1296/X4ff,uid://A001/X1296/X4ff.source.G35.2-0.74N.spw.19,2017.1.00181.S,G35.2-0._a_06_TM1,G35.2-0.74N,0.03065794558932072,233.9734677713212,6,ISM and star formation,Public,284.5543041667224,1.6767055555566552,2019-01-27T14:05:12.000,A027:DV06 A074:DV09 A087:DV25 A089:DA61 A090:DA56 A091:DA58 A092:DV14 A093:DA57 A094:DV19 A096:PM01 A101:DA62 A104:DA47 A108:DA50 A110:DA41 A111:PM02 A115:DA43 A116:DV07 A118:DV01 A120:DA44 A121:DA55 A122:DV11 A123:DA42 A124:DA51 A126:DV10 A127:DA49 A128:DV13 A129:DA46 A130:DV15 A131:PM03 A132:DV23 A133:PM04 A135:DA45 P401:DA65 P402:DV20 P404:DV16 P405:DV03 P409:DV04 P410:DA64 P411:DV08 S301:DA60 S303:DA63 S305:DA59 S306:DV12 S307:DV05 S308:DA52 W202:DA54 W207:DV17 W209:DA48 W210:DV22,F,HIGALBM35.1968-0.7421,2.347,0.08521516829995739
uid://A001/X1296/X4ff,uid://A001/X1296/X4ff.source.G35.2-0.74N.spw.29,2017.1.00181.S,G35.2-0._a_06_TM1,G35.2-0.74N,0.03065794558932072,218.7352129709207,6,ISM and star formation,Public,284.5543041667224,1.6767055555566552,2019-01-27T14:05:12.000,A027:DV06 A074:DV09 A087:DV25 A089:DA61 A090:DA56 A091:DA58 A092:DV14 A093:DA57 A094:DV19 A096:PM01 A101:DA62 A104:DA47 A108:DA50 A110:DA41 A111:PM02 A115:DA43 A116:DV07 A118:DV01 A120:DA44 A121:DA55 A122:DV11 A123:DA42 A124:DA51 A126:DV10 A127:DA49 A128:DV13 A129:DA46 A130:DV15 A131:PM03 A132:DV23 A133:PM04 A135:DA45 P401:DA65 P402:DV20 P404:DV16 P405:DV03 P409:DV04 P410:DA64 P411:DV08 S301:DA60 S303:DA63 S305:DA59 S306:DV12 S307:DV05 S308:DA52 W202:DA54 W207:DV17 W209:DA48 W210:DV22,F,HIGALBM35.1968-0.7421,2.347,0.08521516829995739
uid://A001/X88e/Xf4,uid://A001/X88e/Xf4.source.G35.20-0.74_N.spw.29,2016.1.01036.S,G34.43+0_a_06_TM1,G35.20-0.74_N,0.049835020868439966,217.79982166175563,6,ISM and star formation,Public,284.554285416695,1.6766605555559906,2021-01-21T14:02:46.000,A001:DA59 A007:DV09 A015:DA61 A027:DV17 A042:DV05 A058:DA41 A065:DA64 A069:DA55 A071:DA52 A073:DV23 A074:DA47 A075:DA56 A076:DA62 A078:DV08 A082:DA60 A083:DA51 A085:DA52 A085:DA56 A086:DV22 A087:DV25 A088:DV11 A089:DV16 A090:DV13 A090:DV24 A091:DA45 A091:DA61 A092:DV14 A093:DV03 A093:DV20 A094:DV14 A094:DV19 A096:DA50 A101:DA62 A101:DA65 A102:DV03 A104:DA43 A104:DA58 A105:DA64 A105:DV02 A110:DA41 A110:DA55 A111:DV12 A115:DA43 A115:DA46 A116:DV07 A116:DV08 A118:DV01 A118:DV07 A120:DA44 A120:DV19 A121:PM03 A122:DV11 A123:DA42 A124:DA42 A125:DA49 A125:DA53 A126:DV10 A127:DA49 A127:DV24 A128:DV15 A129:DA46 A129:DV01 A130:DA58 A130:DV15 A131:DV21 A132:DV23 ,F,HIGALBM35.1968-0.7421,2.347,0.08521516829995739
uid://A001/X88e/Xf4,uid://A001/X88e/Xf4.source.G35.20-0.74_N.spw.27,2016.1.01036.S,G34.43+0_a_06_TM1,G35.20-0.74_N,0.049835020868439966,231.99971748381452,6,ISM and star formation,Public,284.554285416695,1.6766605555559906,2021-01-21T14:02:46.000,A001:DA59 A007:DV09 A015:DA61 A027:DV17 A042:DV05 A058:DA41 A065:DA64 A069:DA55 A071:DA52 A073:DV23 A074:DA47 A075:DA56 A076:DA62 A078:DV08 A082:DA60 A083:DA51 A085:DA52 A085:DA56 A086:DV22 A087:DV25 A088:DV11 A089:DV16 A090:DV13 A090:DV24 A091:DA45 A091:DA61 A092:DV14 A093:DV03 A093:DV20 A094:DV14 A094:DV19 A096:DA50 A101:DA62 A101:DA65 A102:DV03 A104:DA43 A104:DA58 A105:DA64 A105:DV02 A110:DA41 A110:DA55 A111:DV12 A115:DA43 A115:DA46 A116:DV07 A116:DV08 A118:DV01 A118:DV07 A120:DA44 A120:DV19 A121:PM03 A122:DV11 A123:DA42 A124:DA42 A125:DA49 A125:DA53 A126:DV10 A127:DA49 A127:DV24 A128:DV15 A129:DA46 A129:DV01 A130:DA58 A130:DV15 A131:DV21 A132:DV23 ,F,HIGALBM35.1968-0.7421,2.347,0.08521516829995739
uid://A001/X88e/Xf4,uid://A001/X88e/Xf4.source.G35.20-0.74_N.spw.31,2016.1.01036.S,G34.43+0_a_06_TM1,G35.20-0.74_N,0.049835020868439966,219.99973355570881,6,ISM and star formation,Public,284.554285416695,1.6766605555559906,2021-01-21T14:02:46.000,A001:DA59 A007:DV09 A015:DA61 A027:DV17 A042:DV05 A058:DA41 A065:DA64 A069:DA55 A071:DA52 A073:DV23 A074:DA47 A075:DA56 A076:DA62 A078:DV08 A082:DA60 A083:DA51 A085:DA52 A085:DA56 A086:DV22 A087:DV25 A088:DV11 A089:DV16 A090:DV13 A090:DV24 A091:DA45 A091:DA61 A092:DV14 A093:DV03 A093:DV20 A094:DV14 A094:DV19 A096:DA50 A101:DA62 A101:DA65 A102:DV03 A104:DA43 A104:DA58 A105:DA64 A105:DV02 A110:DA41 A110:DA55 A111:DV12 A115:DA43 A115:DA46 A116:DV07 A116:DV08 A118:DV01 A118:DV07 A120:DA44 A120:DV19 A121:PM03 A122:DV11 A123:DA42 A124:DA42 A125:DA49 A125:DA53 A126:DV10 A127:DA49 A127:DV24 A128:DV15 A129:DA46 A129:DV01 A130:DA58 A130:DV15 A131:DV21 A132:DV23 ,F,HIGALBM35.1968-0.7421,2.347,0.08521516829995739
uid://A001/X88e/Xf4,uid://A001/X88e/Xf4.source.G35.20-0.74_N.spw.25,2016.1.01036.S,G34.43+0_a_06_TM1,G35.20-0.74_N,0.049835020868439966,234.49971413697688,6,ISM and star formation,Public,284.554285416695,1.6766605555559906,2021-01-21T14:02:46.000,A001:DA59 A007:DV09 A015:DA61 A027:DV17 A042:DV05 A058:DA41 A065:DA64 A069:DA55 A071:DA52 A073:DV23 A074:DA47 A075:DA56 A076:DA62 A078:DV08 A082:DA60 A083:DA51 A085:DA52 A085:DA56 A086:DV22 A087:DV25 A088:DV11 A089:DV16 A090:DV13 A090:DV24 A091:DA45 A091:DA61 A092:DV14 A093:DV03 A093:DV20 A094:DV14 A094:DV19 A096:DA50 A101:DA62 A101:DA65 A102:DV03 A104:DA43 A104:DA58 A105:DA64 A105:DV02 A110:DA41 A110:DA55 A111:DV12 A115:DA43 A115:DA46 A116:DV07 A116:DV08 A118:DV01 A118:DV07 A120:DA44 A120:DV19 A121:PM03 A122:DV11 A123:DA42 A124:DA42 A125:DA49 A125:DA53 A126:DV10 A127:DA49 A127:DV24 A128:DV15 A129:DA46 A129:DV01 A130:DA58 A130:DV15 A131:DV21 A132:DV23 ,F,HIGALBM35.1968-0.7421,2.347,0.08521516829995739
uid://A001/X1590/X1ddd,uid://A001/X1590/X1ddd.source.G35.2N.1.spw.27,2021.1.00713.S,G35.2N.1_a_06_TM1,G35.2N.1,0.048837462271922004,220.559435321404,6,ISM and star formation,Public,284.55390833337884,1.6769722222227859,2022-11-17T01:04:49.000,A027:DV03 A035:DA43 A042:DA60 A074:DV09 A075:DA59 A076:DA48 A082:DV22 A083:DV18 A085:DA56 A086:DV17 A087:DV23 A088:DV11 A089:DA52 A091:DA61 A092:DV13 A094:DV14 A096:DA44 A101:DV08 A104:DA45 A105:DV15 A108:DA50 A116:PM04 A118:DA58 A120:DV12 A121:PM01 A123:DA63 A124:DA57 A125:DA49 A126:DV07 A127:DV01 A128:DV24 A129:DV02 A130:DV06 A131:DA65 A132:DA46 A133:DV25 A135:DV10 P401:DA47 P404:DV20 S301:DA54 S307:DA53 W207:DA51 W208:DV04 W210:DA62,F,HIGALBM35.1968-0.7421,2.347,0.08521516829995739
uid://A001/X1590/X1ddd,uid://A001/X1590/X1ddd.source.G35.2N.1.spw.29,2021.1.00713.S,G35.2N.1_a_06_TM1,G35.2N.1,0.048837462271922004,232.16671654214028,6,ISM and star formation,Public,284.55390833337884,1.6769722222227859,2022-11-17T01:04:49.000,A027:DV03 A035:DA43 A042:DA60 A074:DV09 A075:DA59 A076:DA48 A082:DV22 A083:DV18 A085:DA56 A086:DV17 A087:DV23 A088:DV11 A089:DA52 A091:DA61 A092:DV13 A094:DV14 A096:DA44 A101:DV08 A104:DA45 A105:DV15 A108:DA50 A116:PM04 A118:DA58 A120:DV12 A121:PM01 A123:DA63 A124:DA57 A125:DA49 A126:DV07 A127:DV01 A128:DV24 A129:DV02 A130:DV06 A131:DA65 A132:DA46 A133:DV25 A135:DV10 P401:DA47 P404:DV20 S301:DA54 S307:DA53 W207:DA51 W208:DV04 W210:DA62,F,HIGALBM35.1968-0.7421,2.347,0.08521516829995739
uid://A001/X1590/X1ddd,uid://A001/X1590/X1ddd.source.G35.2N.1.spw.31,2021.1.00713.S,G35.2N.1_a_06_TM1,G35.2N.1,0.048837462271922004,234.28939034374187,6,ISM and star formation,Public,284.55390833337884,1.6769722222227859,2022-11-17T01:04:49.000,A027:DV03 A035:DA43 A042:DA60 A074:DV09 A075:DA59 A076:DA48 A082:DV22 A083:DV18 A085:DA56 A086:DV17 A087:DV23 A088:DV11 A089:DA52 A091:DA61 A092:DV13 A094:DV14 A096:DA44 A101:DV08 A104:DA45 A105:DV15 A108:DA50 A116:PM04 A118:DA58 A120:DV12 A121:PM01 A123:DA63 A124:DA57 A125:DA49 A126:DV07 A127:DV01 A128:DV24 A129:DV02 A130:DV06 A131:DA65 A132:DA46 A133:DV25 A135:DV10 P401:DA47 P404:DV20 S301:DA54 S307:DA53 W207:DA51 W208:DV04 W210:DA62,F,HIGALBM35.1968-0.7421,2.347,0.08521516829995739
uid://A001/X1590/X1ddd,uid://A001/X1590/X1ddd.source.G35.2N.1.spw.25,2021.1.00713.S,G35.2N.1_a_06_TM1,G35.2N.1,0.048837462271922004,217.78884361529353,6,ISM and star formation,Public,284.55390833337884,1.6769722222227859,2022-11-17T01:04:49.000,A027:DV03 A035:DA43 A042:DA60 A074:DV09 A075:DA59 A076:DA48 A082:DV22 A083:DV18 A085:DA56 A086:DV17 A087:DV23 A088:DV11 A089:DA52 A091:DA61 A092:DV13 A094:DV14 A096:DA44 A101:DV08 A104:DA45 A105:DV15 A108:DA50 A116:PM04 A118:DA58 A120:DV12 A121:PM01 A123:DA63 A124:DA57 A125:DA49 A126:DV07 A127:DV01 A128:DV24 A129:DV02 A130:DV06 A131:DA65 A132:DA46 A133:DV25 A135:DV10 P401:DA47 P404:DV20 S301:DA54 S307:DA53 W207:DA51 W208:DV04 W210:DA62,F,HIGALBM35.1968-0.7421,2.347,0.08521516829995739
uid://A001/X2d20/X10df,uid://A001/X2d20/X10df.source.744757.spw.35,2022.1.01344.S,744757_a_06_TM1,744757,0.050378342584715456,231.38310891436674,6,ISM and star formation,Public,221.36070833329725,-59.82111944444981,2024-07-10T11:56:22.000,A027:DV03 A042:DA58 A074:DA57 A075:DA54 A076:DV04 A082:DA48 A083:DA41 A085:DA53 A086:DV07 A087:DV08 A088:DV22 A091:DA43 A092:DV05 A093:DV13 A094:DV14 A096:DV06 A101:DA45 A105:DV15 A108:DV16 A110:DA64 A111:DV24 A115:DA63 A116:DV17 A120:DA44 A121:DV12 A123:DA51 A124:DA47 A126:DV25 A127:DV01 A129:DA42 A130:DV02 A132:DA56 A133:DA49 A134:DA55 P401:DA52 P404:DV09 P410:DV20 S301:DV21 S307:DV18 W207:DA62 W210:DV23,F,HIGALBM316.8112-0.0574,2.695,0.07421150278293136
uid://A001/X2d20/X10df,uid://A001/X2d20/X10df.source.744757.spw.29,2022.1.01344.S,744757_a_06_TM1,744757,0.050378342584715456,219.6791135959081,6,ISM and star formation,Public,221.36070833329725,-59.82111944444981,2024-07-10T11:56:22.000,A027:DV03 A042:DA58 A074:DA57 A075:DA54 A076:DV04 A082:DA48 A083:DA41 A085:DA53 A086:DV07 A087:DV08 A088:DV22 A091:DA43 A092:DV05 A093:DV13 A094:DV14 A096:DV06 A101:DA45 A105:DV15 A108:DV16 A110:DA64 A111:DV24 A115:DA63 A116:DV17 A120:DA44 A121:DV12 A123:DA51 A124:DA47 A126:DV25 A127:DV01 A129:DA42 A130:DV02 A132:DA56 A133:DA49 A134:DA55 P401:DA52 P404:DV09 P410:DV20 S301:DV21 S307:DV18 W207:DA62 W210:DV23,F,HIGALBM316.8112-0.0574,2.695,0.07421150278293136
uid://A001/X2d20/X10df,uid://A001/X2d20/X10df.source.744757.spw.25,2022.1.01344.S,744757_a_06_TM1,744757,0.050378342584715456,218.0278788427018,6,ISM and star formation,Public,221.36070833329725,-59.82111944444981,2024-07-10T11:56:22.000,A027:DV03 A042:DA58 A074:DA57 A075:DA54 A076:DV04 A082:DA48 A083:DA41 A085:DA53 A086:DV07 A087:DV08 A088:DV22 A091:DA43 A092:DV05 A093:DV13 A094:DV14 A096:DV06 A101:DA45 A105:DV15 A108:DV16 A110:DA64 A111:DV24 A115:DA63 A116:DV17 A120:DA44 A121:DV12 A123:DA51 A124:DA47 A126:DV25 A127:DV01 A129:DA42 A130:DV02 A132:DA56 A133:DA49 A134:DA55 P401:DA52 P404:DV09 P410:DV20 S301:DV21 S307:DV18 W207:DA62 W210:DV23,F,HIGALBM316.8112-0.0574,2.695,0.07421150278293136
uid://A001/X2d20/X10df,uid://A001/X2d20/X10df.source.744757.spw.27,2022.1.01344.S,744757_a_06_TM1,744757,0.050378342584715456,219.10901407170053,6,ISM and star formation,Public,221.36070833329725,-59.82111944444981,2024-07-10T11:56:22.000,A027:DV03 A042:DA58 A074:DA57 A075:DA54 A076:DV04 A082:DA48 A083:DA41 A085:DA53 A086:DV07 A087:DV08 A088:DV22 A091:DA43 A092:DV05 A093:DV13 A094:DV14 A096:DV06 A101:DA45 A105:DV15 A108:DV16 A110:DA64 A111:DV24 A115:DA63 A116:DV17 A120:DA44 A121:DV12 A123:DA51 A124:DA47 A126:DV25 A127:DV01 A129:DA42 A130:DV02 A132:DA56 A133:DA49 A134:DA55 P401:DA52 P404:DV09 P410:DV20 S301:DV21 S307:DV18 W207:DA62 W210:DV23,F,HIGALBM316.8112-0.0574,2.695,0.07421150278293136
uid://A001/X2d20/X10df,uid://A001/X2d20/X10df.source.744757.spw.31,2022.1.01344.S,744757_a_06_TM1,744757,0.050378342584715456,220.444963567025,6,ISM and star formation,Public,221.36070833329725,-59.82111944444981,2024-07-10T11:56:22.000,A027:DV03 A042:DA58 A074:DA57 A075:DA54 A076:DV04 A082:DA48 A083:DA41 A085:DA53 A086:DV07 A087:DV08 A088:DV22 A091:DA43 A092:DV05 A093:DV13 A094:DV14 A096:DV06 A101:DA45 A105:DV15 A108:DV16 A110:DA64 A111:DV24 A115:DA63 A116:DV17 A120:DA44 A121:DV12 A123:DA51 A124:DA47 A126:DV25 A127:DV01 A129:DA42 A130:DV02 A132:DA56 A133:DA49 A134:DA55 P401:DA52 P404:DV09 P410:DV20 S301:DV21 S307:DV18 W207:DA62 W210:DV23,F,HIGALBM316.8112-0.0574,2.695,0.07421150278293136
uid://A001/X2d20/X10df,uid://A001/X2d20/X10df.source.744757.spw.37,2022.1.01344.S,744757_a_06_TM1,744757,0.050378342584715456,233.52872620582335,6,ISM and star formation,Public,221.36070833329725,-59.82111944444981,2024-07-10T11:56:22.000,A027:DV03 A042:DA58 A074:DA57 A075:DA54 A076:DV04 A082:DA48 A083:DA41 A085:DA53 A086:DV07 A087:DV08 A088:DV22 A091:DA43 A092:DV05 A093:DV13 A094:DV14 A096:DV06 A101:DA45 A105:DV15 A108:DV16 A110:DA64 A111:DV24 A115:DA63 A116:DV17 A120:DA44 A121:DV12 A123:DA51 A124:DA47 A126:DV25 A127:DV01 A129:DA42 A130:DV02 A132:DA56 A133:DA49 A134:DA55 P401:DA52 P404:DV09 P410:DV20 S301:DV21 S307:DV18 W207:DA62 W210:DV23,F,HIGALBM316.8112-0.0574,2.695,0.07421150278293136
uid://A001/X2d20/X10df,uid://A001/X2d20/X10df.source.744757.spw.33,2022.1.01344.S,744757_a_06_TM1,744757,0.050378342584715456,220.67929034148247,6,ISM and star formation,Public,221.36070833329725,-59.82111944444981,2024-07-10T11:56:22.000,A027:DV03 A042:DA58 A074:DA57 A075:DA54 A076:DV04 A082:DA48 A083:DA41 A085:DA53 A086:DV07 A087:DV08 A088:DV22 A091:DA43 A092:DV05 A093:DV13 A094:DV14 A096:DV06 A101:DA45 A105:DV15 A108:DV16 A110:DA64 A111:DV24 A115:DA63 A116:DV17 A120:DA44 A121:DV12 A123:DA51 A124:DA47 A126:DV25 A127:DV01 A129:DA42 A130:DV02 A132:DA56 A133:DA49 A134:DA55 P401:DA52 P404:DV09 P410:DV20 S301:DV21 S307:DV18 W207:DA62 W210:DV23,F,HIGALBM316.8112-0.0574,2.695,0.07421150278293136
uid://A001/X2d1f/X4d2,uid://A001/X2d1f/X4d2.source.316.811-00.059.spw.31,2022.1.00700.S,316.811-_a_06_TM1,316.811-00.059,0.02447144287625904,234.49844377828697,6,ISM and star formation,Public,221.36012083332952,-59.82118888888894,2024-08-11T02:57:32.000,A074:DA57 A090:PM01 A091:DA43 A092:DV05 A093:DV13 A094:DV14 A096:DV06 A101:DA45 A105:DV15 A108:DV16 A110:DA64 A111:DV24 A115:DA63 A116:DV17 A118:DV10 A120:DA44 A121:DV12 A122:DA46 A123:DA51 A124:DA47 A125:DA65 A126:DV25 A127:DV01 A128:DA60 A129:DA42 A130:DV02 A132:DA56 A133:DA49 A135:PM04 P401:DA52 P402:DA41 P404:DV09 P405:DV22 P409:DA50 P410:DV20 P411:DV04 S301:DV21 S303:DA54 S305:DA58 S306:DA48 S307:DV18 S308:DV08 S309:DA61 T702:PM03 W201:DA55 W202:DV07 W206:DV03 W207:DA62 W209:DA53,F,HIGALBM316.8112-0.0574,2.695,0.07421150278293136
uid://A001/X2d1f/X4d2,uid://A001/X2d1f/X4d2.source.316.811-00.059.spw.25,2022.1.00700.S,316.811-_a_06_TM1,316.811-00.059,0.02447144287625904,217.60176925668208,6,ISM and star formation,Public,221.36012083332952,-59.82118888888894,2024-08-11T02:57:32.000,A074:DA57 A090:PM01 A091:DA43 A092:DV05 A093:DV13 A094:DV14 A096:DV06 A101:DA45 A105:DV15 A108:DV16 A110:DA64 A111:DV24 A115:DA63 A116:DV17 A118:DV10 A120:DA44 A121:DV12 A122:DA46 A123:DA51 A124:DA47 A125:DA65 A126:DV25 A127:DV01 A128:DA60 A129:DA42 A130:DV02 A132:DA56 A133:DA49 A135:PM04 P401:DA52 P402:DA41 P404:DV09 P405:DV22 P409:DA50 P410:DV20 P411:DV04 S301:DV21 S303:DA54 S305:DA58 S306:DA48 S307:DV18 S308:DV08 S309:DA61 T702:PM03 W201:DA55 W202:DV07 W206:DV03 W207:DA62 W209:DA53,F,HIGALBM316.8112-0.0574,2.695,0.07421150278293136
uid://A001/X2d1f/X4d2,uid://A001/X2d1f/X4d2.source.316.811-00.059.spw.27,2022.1.00700.S,316.811-_a_06_TM1,316.811-00.059,0.02447144287625904,220.41446477276708,6,ISM and star formation,Public,221.36012083332952,-59.82118888888894,2024-08-11T02:57:32.000,A074:DA57 A090:PM01 A091:DA43 A092:DV05 A093:DV13 A094:DV14 A096:DV06 A101:DA45 A105:DV15 A108:DV16 A110:DA64 A111:DV24 A115:DA63 A116:DV17 A118:DV10 A120:DA44 A121:DV12 A122:DA46 A123:DA51 A124:DA47 A125:DA65 A126:DV25 A127:DV01 A128:DA60 A129:DA42 A130:DV02 A132:DA56 A133:DA49 A135:PM04 P401:DA52 P402:DA41 P404:DV09 P405:DV22 P409:DA50 P410:DV20 P411:DV04 S301:DV21 S303:DA54 S305:DA58 S306:DA48 S307:DV18 S308:DV08 S309:DA61 T702:PM03 W201:DA55 W202:DV07 W206:DV03 W207:DA62 W209:DA53,F,HIGALBM316.8112-0.0574,2.695,0.07421150278293136
uid://A001/X2d1f/X4d2,uid://A001/X2d1f/X4d2.source.316.811-00.059.spw.29,2022.1.00700.S,316.811-_a_06_TM1,316.811-00.059,0.02447144287625904,231.93576564140955,6,ISM and star formation,Public,221.36012083332952,-59.82118888888894,2024-08-11T02:57:32.000,A074:DA57 A090:PM01 A091:DA43 A092:DV05 A093:DV13 A094:DV14 A096:DV06 A101:DA45 A105:DV15 A108:DV16 A110:DA64 A111:DV24 A115:DA63 A116:DV17 A118:DV10 A120:DA44 A121:DV12 A122:DA46 A123:DA51 A124:DA47 A125:DA65 A126:DV25 A127:DV01 A128:DA60 A129:DA42 A130:DV02 A132:DA56 A133:DA49 A135:PM04 P401:DA52 P402:DA41 P404:DV09 P405:DV22 P409:DA50 P410:DV20 P411:DV04 S301:DV21 S303:DA54 S305:DA58 S306:DA48 S307:DV18 S308:DV08 S309:DA61 T702:PM03 W201:DA55 W202:DV07 W206:DV03 W207:DA62 W209:DA53,F,HIGALBM316.8112-0.0574,2.695,0.07421150278293136
uid://A001/X2d1f/X4d2,uid://A001/X2d1f/X4d2.source.316.799-00.056.spw.27,2022.1.00700.S,316.811-_a_06_TM1,316.799-00.056,0.024477791291193086,220.4144649128231,6,ISM and star formation,Public,221.33737916666112,-59.82498055555567,2024-08-11T02:57:32.000,A074:DA57 A090:PM01 A091:DA43 A092:DV05 A093:DV13 A094:DV14 A096:DV06 A101:DA45 A105:DV15 A108:DV16 A110:DA64 A111:DV24 A115:DA63 A116:DV17 A118:DV10 A120:DA44 A121:DV12 A122:DA46 A123:DA51 A124:DA47 A125:DA65 A126:DV25 A127:DV01 A128:DA60 A129:DA42 A130:DV02 A132:DA56 A133:DA49 A135:PM04 P401:DA52 P402:DA41 P404:DV09 P405:DV22 P409:DA50 P410:DV20 P411:DV04 S301:DV21 S303:DA54 S305:DA58 S306:DA48 S307:DV18 S308:DV08 S309:DA61 T702:PM03 W201:DA55 W202:DV07 W206:DV03 W207:DA62 W209:DA53,F,HIGALBM316.8002-0.0549,2.695,0.07421150278293136
uid://A001/X2d1f/X4d2,uid://A001/X2d1f/X4d2.source.316.799-00.056.spw.29,2022.1.00700.S,316.811-_a_06_TM1,316.799-00.056,0.024477791291193086,231.9357657887864,6,ISM and star formation,Public,221.33737916666112,-59.82498055555567,2024-08-11T02:57:32.000,A074:DA57 A090:PM01 A091:DA43 A092:DV05 A093:DV13 A094:DV14 A096:DV06 A101:DA45 A105:DV15 A108:DV16 A110:DA64 A111:DV24 A115:DA63 A116:DV17 A118:DV10 A120:DA44 A121:DV12 A122:DA46 A123:DA51 A124:DA47 A125:DA65 A126:DV25 A127:DV01 A128:DA60 A129:DA42 A130:DV02 A132:DA56 A133:DA49 A135:PM04 P401:DA52 P402:DA41 P404:DV09 P405:DV22 P409:DA50 P410:DV20 P411:DV04 S301:DV21 S303:DA54 S305:DA58 S306:DA48 S307:DV18 S308:DV08 S309:DA61 T702:PM03 W201:DA55 W202:DV07 W206:DV03 W207:DA62 W209:DA53,F,HIGALBM316.8002-0.0549,2.695,0.07421150278293136
uid://A001/X2d1f/X4d2,uid://A001/X2d1f/X4d2.source.316.799-00.056.spw.25,2022.1.00700.S,316.811-_a_06_TM1,316.799-00.056,0.024477791291193086,217.60176939495085,6,ISM and star formation,Public,221.33737916666112,-59.82498055555567,2024-08-11T02:57:32.000,A074:DA57 A090:PM01 A091:DA43 A092:DV05 A093:DV13 A094:DV14 A096:DV06 A101:DA45 A105:DV15 A108:DV16 A110:DA64 A111:DV24 A115:DA63 A116:DV17 A118:DV10 A120:DA44 A121:DV12 A122:DA46 A123:DA51 A124:DA47 A125:DA65 A126:DV25 A127:DV01 A128:DA60 A129:DA42 A130:DV02 A132:DA56 A133:DA49 A135:PM04 P401:DA52 P402:DA41 P404:DV09 P405:DV22 P409:DA50 P410:DV20 P411:DV04 S301:DV21 S303:DA54 S305:DA58 S306:DA48 S307:DV18 S308:DV08 S309:DA61 T702:PM03 W201:DA55 W202:DV07 W206:DV03 W207:DA62 W209:DA53,F,HIGALBM316.8002-0.0549,2.695,0.07421150278293136
uid://A001/X2d1f/X4d2,uid://A001/X2d1f/X4d2.source.316.799-00.056.spw.31,2022.1.00700.S,316.811-_a_06_TM1,316.799-00.056,0.024477791291193086,234.49844392729221,6,ISM and star formation,Public,221.33737916666112,-59.82498055555567,2024-08-11T02:57:32.000,A074:DA57 A090:PM01 A091:DA43 A092:DV05 A093:DV13 A094:DV14 A096:DV06 A101:DA45 A105:DV15 A108:DV16 A110:DA64 A111:DV24 A115:DA63 A116:DV17 A118:DV10 A120:DA44 A121:DV12 A122:DA46 A123:DA51 A124:DA47 A125:DA65 A126:DV25 A127:DV01 A128:DA60 A129:DA42 A130:DV02 A132:DA56 A133:DA49 A135:PM04 P401:DA52 P402:DA41 P404:DV09 P405:DV22 P409:DA50 P410:DV20 P411:DV04 S301:DV21 S303:DA54 S305:DA58 S306:DA48 S307:DV18 S308:DV08 S309:DA61 T702:PM03 W201:DA55 W202:DV07 W206:DV03 W207:DA62 W209:DA53,F,HIGALBM316.8002-0.0549,2.695,0.07421150278293136
uid://A001/X2d20/X10d6,uid://A001/X2d20/X10d6.source.G326.6618+00.5207.spw.25,2022.1.01344.S,779984_a_06_TM1,G326.6618+00.5207,0.04377549167310204,218.04693257752822,6,ISM and star formation,Public,236.2618333333773,-54.15083333334552,2024-07-12T01:47:04.000,A042:DA58 A074:DA57 A075:DA54 A076:DV04 A082:DA48 A085:DA53 A086:DV07 A087:DV08 A088:DV22 A090:PM01 A091:DA43 A092:DV05 A093:DV13 A094:DV14 A096:DV06 A101:DA45 A105:DV15 A108:DV16 A110:DA64 A111:DV24 A115:DA63 A116:DV17 A120:DA44 A121:DV12 A123:DA51 A124:DA47 A125:DA65 A126:DV25 A128:DA60 A129:DA42 A130:DV02 A132:DA56 A133:DA49 A134:DA55 A135:PM04 P401:DA52 P402:DA41 P404:DV09 P409:DA50 P410:DV20 S301:DV21 S307:DV18 T702:PM03 W207:DA62 W210:DV23,F,HIGALBM326.6625+0.5209,2.711,0.07377351530800443
uid://A001/X2d20/X10d6,uid://A001/X2d20/X10d6.source.G326.6618+00.5207.spw.31,2022.1.01344.S,779984_a_06_TM1,G326.6618+00.5207,0.04377549167310204,220.46316995593952,6,ISM and star formation,Public,236.2618333333773,-54.15083333334552,2024-07-12T01:47:04.000,A042:DA58 A074:DA57 A075:DA54 A076:DV04 A082:DA48 A085:DA53 A086:DV07 A087:DV08 A088:DV22 A090:PM01 A091:DA43 A092:DV05 A093:DV13 A094:DV14 A096:DV06 A101:DA45 A105:DV15 A108:DV16 A110:DA64 A111:DV24 A115:DA63 A116:DV17 A120:DA44 A121:DV12 A123:DA51 A124:DA47 A125:DA65 A126:DV25 A128:DA60 A129:DA42 A130:DV02 A132:DA56 A133:DA49 A134:DA55 A135:PM04 P401:DA52 P402:DA41 P404:DV09 P409:DA50 P410:DV20 S301:DV21 S307:DV18 T702:PM03 W207:DA62 W210:DV23,F,HIGALBM326.6625+0.5209,2.711,0.07377351530800443
uid://A001/X2d20/X10d6,uid://A001/X2d20/X10d6.source.G326.6618+00.5207.spw.37,2022.1.01344.S,779984_a_06_TM1,G326.6618+00.5207,0.04377549167310204,233.54773478107353,6,ISM and star formation,Public,236.2618333333773,-54.15083333334552,2024-07-12T01:47:04.000,A042:DA58 A074:DA57 A075:DA54 A076:DV04 A082:DA48 A085:DA53 A086:DV07 A087:DV08 A088:DV22 A090:PM01 A091:DA43 A092:DV05 A093:DV13 A094:DV14 A096:DV06 A101:DA45 A105:DV15 A108:DV16 A110:DA64 A111:DV24 A115:DA63 A116:DV17 A120:DA44 A121:DV12 A123:DA51 A124:DA47 A125:DA65 A126:DV25 A128:DA60 A129:DA42 A130:DV02 A132:DA56 A133:DA49 A134:DA55 A135:PM04 P401:DA52 P402:DA41 P404:DV09 P409:DA50 P410:DV20 S301:DV21 S307:DV18 T702:PM03 W207:DA62 W210:DV23,F,HIGALBM326.6625+0.5209,2.711,0.07377351530800443
uid://A001/X2d20/X10d6,uid://A001/X2d20/X10d6.source.G326.6618+00.5207.spw.33,2022.1.01344.S,779984_a_06_TM1,G326.6618+00.5207,0.04377549167310204,220.69752463619048,6,ISM and star formation,Public,236.2618333333773,-54.15083333334552,2024-07-12T01:47:04.000,A042:DA58 A074:DA57 A075:DA54 A076:DV04 A082:DA48 A085:DA53 A086:DV07 A087:DV08 A088:DV22 A090:PM01 A091:DA43 A092:DV05 A093:DV13 A094:DV14 A096:DV06 A101:DA45 A105:DV15 A108:DV16 A110:DA64 A111:DV24 A115:DA63 A116:DV17 A120:DA44 A121:DV12 A123:DA51 A124:DA47 A125:DA65 A126:DV25 A128:DA60 A129:DA42 A130:DV02 A132:DA56 A133:DA49 A134:DA55 A135:PM04 P401:DA52 P402:DA41 P404:DV09 P409:DA50 P410:DV20 S301:DV21 S307:DV18 T702:PM03 W207:DA62 W210:DV23,F,HIGALBM326.6625+0.5209,2.711,0.07377351530800443
uid://A001/X2d20/X10d6,uid://A001/X2d20/X10d6.source.G326.6618+00.5207.spw.27,2022.1.01344.S,779984_a_06_TM1,G326.6618+00.5207,0.04377549167310204,219.1271438018378,6,ISM and star formation,Public,236.2618333333773,-54.15083333334552,2024-07-12T01:47:04.000,A042:DA58 A074:DA57 A075:DA54 A076:DV04 A082:DA48 A085:DA53 A086:DV07 A087:DV08 A088:DV22 A090:PM01 A091:DA43 A092:DV05 A093:DV13 A094:DV14 A096:DV06 A101:DA45 A105:DV15 A108:DV16 A110:DA64 A111:DV24 A115:DA63 A116:DV17 A120:DA44 A121:DV12 A123:DA51 A124:DA47 A125:DA65 A126:DV25 A128:DA60 A129:DA42 A130:DV02 A132:DA56 A133:DA49 A134:DA55 A135:PM04 P401:DA52 P402:DA41 P404:DV09 P409:DA50 P410:DV20 S301:DV21 S307:DV18 T702:PM03 W207:DA62 W210:DV23,F,HIGALBM326.6625+0.5209,2.711,0.07377351530800443
uid://A001/X2d20/X10d6,uid://A001/X2d20/X10d6.source.G326.6618+00.5207.spw.35,2022.1.01344.S,779984_a_06_TM1,G326.6618+00.5207,0.04377549167310204,231.40214141662938,6,ISM and star formation,Public,236.2618333333773,-54.15083333334552,2024-07-12T01:47:04.000,A042:DA58 A074:DA57 A075:DA54 A076:DV04 A082:DA48 A085:DA53 A086:DV07 A087:DV08 A088:DV22 A090:PM01 A091:DA43 A092:DV05 A093:DV13 A094:DV14 A096:DV06 A101:DA45 A105:DV15 A108:DV16 A110:DA64 A111:DV24 A115:DA63 A116:DV17 A120:DA44 A121:DV12 A123:DA51 A124:DA47 A125:DA65 A126:DV25 A128:DA60 A129:DA42 A130:DV02 A132:DA56 A133:DA49 A134:DA55 A135:PM04 P401:DA52 P402:DA41 P404:DV09 P409:DA50 P410:DV20 S301:DV21 S307:DV18 T702:PM03 W207:DA62 W210:DV23,F,HIGALBM326.6625+0.5209,2.711,0.07377351530800443
uid://A001/X2d20/X10d6,uid://A001/X2d20/X10d6.source.G326.6618+00.5207.spw.29,2022.1.01344.S,779984_a_06_TM1,G326.6618+00.5207,0.04377549167310204,219.69726748744378,6,ISM and star formation,Public,236.2618333333773,-54.15083333334552,2024-07-12T01:47:04.000,A042:DA58 A074:DA57 A075:DA54 A076:DV04 A082:DA48 A085:DA53 A086:DV07 A087:DV08 A088:DV22 A090:PM01 A091:DA43 A092:DV05 A093:DV13 A094:DV14 A096:DV06 A101:DA45 A105:DV15 A108:DV16 A110:DA64 A111:DV24 A115:DA63 A116:DV17 A120:DA44 A121:DV12 A123:DA51 A124:DA47 A125:DA65 A126:DV25 A128:DA60 A129:DA42 A130:DV02 A132:DA56 A133:DA49 A134:DA55 A135:PM04 P401:DA52 P402:DA41 P404:DV09 P409:DA50 P410:DV20 S301:DV21 S307:DV18 T702:PM03 W207:DA62 W210:DV23,F,HIGALBM326.6625+0.5209,2.711,0.07377351530800443
uid://A001/X2d20/X10d6,uid://A001/X2d20/X10d6.source.778802.spw.29,2022.1.01344.S,779984_a_06_TM1,778802,0.04371287542930742,219.69729700032258,6,ISM and star formation,Public,236.13866666671146,-54.090583333346046,2024-07-12T01:47:04.000,A042:DA58 A074:DA57 A075:DA54 A076:DV04 A082:DA48 A085:DA53 A086:DV07 A087:DV08 A088:DV22 A090:PM01 A091:DA43 A092:DV05 A093:DV13 A094:DV14 A096:DV06 A101:DA45 A105:DV15 A108:DV16 A110:DA64 A111:DV24 A115:DA63 A116:DV17 A120:DA44 A121:DV12 A123:DA51 A124:DA47 A125:DA65 A126:DV25 A128:DA60 A129:DA42 A130:DV02 A132:DA56 A133:DA49 A134:DA55 A135:PM04 P401:DA52 P402:DA41 P404:DV09 P409:DA50 P410:DV20 S301:DV21 S307:DV18 T702:PM03 W207:DA62 W210:DV23,F,HIGALBM326.6413+0.6113,2.769,0.07222824124232576
uid://A001/X2d20/X10d6,uid://A001/X2d20/X10d6.source.778802.spw.33,2022.1.01344.S,779984_a_06_TM1,778802,0.04371287542930742,220.69755428343774,6,ISM and star formation,Public,236.13866666671146,-54.090583333346046,2024-07-12T01:47:04.000,A042:DA58 A074:DA57 A075:DA54 A076:DV04 A082:DA48 A085:DA53 A086:DV07 A087:DV08 A088:DV22 A090:PM01 A091:DA43 A092:DV05 A093:DV13 A094:DV14 A096:DV06 A101:DA45 A105:DV15 A108:DV16 A110:DA64 A111:DV24 A115:DA63 A116:DV17 A120:DA44 A121:DV12 A123:DA51 A124:DA47 A125:DA65 A126:DV25 A128:DA60 A129:DA42 A130:DV02 A132:DA56 A133:DA49 A134:DA55 A135:PM04 P401:DA52 P402:DA41 P404:DV09 P409:DA50 P410:DV20 S301:DV21 S307:DV18 T702:PM03 W207:DA62 W210:DV23,F,HIGALBM326.6413+0.6113,2.769,0.07222824124232576
uid://A001/X2d20/X10d6,uid://A001/X2d20/X10d6.source.778802.spw.35,2022.1.01344.S,779984_a_06_TM1,778802,0.04371287542930742,231.40217250243467,6,ISM and star formation,Public,236.13866666671146,-54.090583333346046,2024-07-12T01:47:04.000,A042:DA58 A074:DA57 A075:DA54 A076:DV04 A082:DA48 A085:DA53 A086:DV07 A087:DV08 A088:DV22 A090:PM01 A091:DA43 A092:DV05 A093:DV13 A094:DV14 A096:DV06 A101:DA45 A105:DV15 A108:DV16 A110:DA64 A111:DV24 A115:DA63 A116:DV17 A120:DA44 A121:DV12 A123:DA51 A124:DA47 A125:DA65 A126:DV25 A128:DA60 A129:DA42 A130:DV02 A132:DA56 A133:DA49 A134:DA55 A135:PM04 P401:DA52 P402:DA41 P404:DV09 P409:DA50 P410:DV20 S301:DV21 S307:DV18 T702:PM03 W207:DA62 W210:DV23,F,HIGALBM326.6413+0.6113,2.769,0.07222824124232576
uid://A001/X2d20/X10d6,uid://A001/X2d20/X10d6.source.778802.spw.25,2022.1.01344.S,779984_a_06_TM1,778802,0.04371287542930742,218.04696186927575,6,ISM and star formation,Public,236.13866666671146,-54.090583333346046,2024-07-12T01:47:04.000,A042:DA58 A074:DA57 A075:DA54 A076:DV04 A082:DA48 A085:DA53 A086:DV07 A087:DV08 A088:DV22 A090:PM01 A091:DA43 A092:DV05 A093:DV13 A094:DV14 A096:DV06 A101:DA45 A105:DV15 A108:DV16 A110:DA64 A111:DV24 A115:DA63 A116:DV17 A120:DA44 A121:DV12 A123:DA51 A124:DA47 A125:DA65 A126:DV25 A128:DA60 A129:DA42 A130:DV02 A132:DA56 A133:DA49 A134:DA55 A135:PM04 P401:DA52 P402:DA41 P404:DV09 P409:DA50 P410:DV20 S301:DV21 S307:DV18 T702:PM03 W207:DA62 W210:DV23,F,HIGALBM326.6413+0.6113,2.769,0.07222824124232576
uid://A001/X2d20/X10d6,uid://A001/X2d20/X10d6.source.778802.spw.27,2022.1.01344.S,779984_a_06_TM1,778802,0.04371287542930742,219.12717323812964,6,ISM and star formation,Public,236.13866666671146,-54.090583333346046,2024-07-12T01:47:04.000,A042:DA58 A074:DA57 A075:DA54 A076:DV04 A082:DA48 A085:DA53 A086:DV07 A087:DV08 A088:DV22 A090:PM01 A091:DA43 A092:DV05 A093:DV13 A094:DV14 A096:DV06 A101:DA45 A105:DV15 A108:DV16 A110:DA64 A111:DV24 A115:DA63 A116:DV17 A120:DA44 A121:DV12 A123:DA51 A124:DA47 A125:DA65 A126:DV25 A128:DA60 A129:DA42 A130:DV02 A132:DA56 A133:DA49 A134:DA55 A135:PM04 P401:DA52 P402:DA41 P404:DV09 P409:DA50 P410:DV20 S301:DV21 S307:DV18 T702:PM03 W207:DA62 W210:DV23,F,HIGALBM326.6413+0.6113,2.769,0.07222824124232576
uid://A001/X2d20/X10d6,uid://A001/X2d20/X10d6.source.778802.spw.31,2022.1.01344.S,779984_a_06_TM1,778802,0.04371287542930742,220.463199571705,6,ISM and star formation,Public,236.13866666671146,-54.090583333346046,2024-07-12T01:47:04.000,A042:DA58 A074:DA57 A075:DA54 A076:DV04 A082:DA48 A085:DA53 A086:DV07 A087:DV08 A088:DV22 A090:PM01 A091:DA43 A092:DV05 A093:DV13 A094:DV14 A096:DV06 A101:DA45 A105:DV15 A108:DV16 A110:DA64 A111:DV24 A115:DA63 A116:DV17 A120:DA44 A121:DV12 A123:DA51 A124:DA47 A125:DA65 A126:DV25 A128:DA60 A129:DA42 A130:DV02 A132:DA56 A133:DA49 A134:DA55 A135:PM04 P401:DA52 P402:DA41 P404:DV09 P409:DA50 P410:DV20 S301:DV21 S307:DV18 T702:PM03 W207:DA62 W210:DV23,F,HIGALBM326.6413+0.6113,2.769,0.07222824124232576
uid://A001/X2d20/X10d6,uid://A001/X2d20/X10d6.source.778802.spw.37,2022.1.01344.S,779984_a_06_TM1,778802,0.04371287542930742,233.5477661551048,6,ISM and star formation,Public,236.13866666671146,-54.090583333346046,2024-07-12T01:47:04.000,A042:DA58 A074:DA57 A075:DA54 A076:DV04 A082:DA48 A085:DA53 A086:DV07 A087:DV08 A088:DV22 A090:PM01 A091:DA43 A092:DV05 A093:DV13 A094:DV14 A096:DV06 A101:DA45 A105:DV15 A108:DV16 A110:DA64 A111:DV24 A115:DA63 A116:DV17 A120:DA44 A121:DV12 A123:DA51 A124:DA47 A125:DA65 A126:DV25 A128:DA60 A129:DA42 A130:DV02 A132:DA56 A133:DA49 A134:DA55 A135:PM04 P401:DA52 P402:DA41 P404:DV09 P409:DA50 P410:DV20 S301:DV21 S307:DV18 T702:PM03 W207:DA62 W210:DV23,F,HIGALBM326.6413+0.6113,2.769,0.07222824124232576
uid://A001/X2d1f/X4c9,uid://A001/X2d1f/X4c9.source.319.872+00.787.spw.27,2022.1.00700.S,319.872+_a_06_TM1,319.872+00.787,0.024481359695439533,220.41447548349487,6,ISM and star formation,Public,225.8739916666928,-57.67495000000288,2024-08-16T02:58:40.000,A074:DA57 A090:PM01 A091:DA43 A092:DV05 A093:DV13 A094:DV14 A096:DV06 A101:DA45 A105:DV15 A108:DV16 A110:DA64 A111:DV24 A115:DA63 A116:DV17 A118:DV10 A120:DA44 A121:DV12 A122:DA46 A123:DA51 A124:DA47 A125:DA65 A126:DV25 A127:DV01 A128:DA60 A129:DA42 A130:DV02 A132:DA56 A133:DA49 A135:PM04 P401:DA52 P402:DA41 P404:DV09 P405:DV22 P409:DA50 P410:DV20 P411:DV04 S301:DV21 S303:DA54 S305:DA58 S306:DA48 S307:DV18 S308:DV08 S309:DA61 T702:PM03 W201:DA55 W202:DV07 W206:DV03 W207:DA62 W209:DA53,F,HIGALBM319.8669+0.7860,2.907,0.06879944960440317
uid://A001/X2d1f/X4c9,uid://A001/X2d1f/X4c9.source.319.872+00.787.spw.25,2022.1.00700.S,319.872+_a_06_TM1,319.872+00.787,0.024481359695439533,217.60178633358228,6,ISM and star formation,Public,225.8739916666928,-57.67495000000288,2024-08-16T02:58:40.000,A074:DA57 A090:PM01 A091:DA43 A092:DV05 A093:DV13 A094:DV14 A096:DV06 A101:DA45 A105:DV15 A108:DV16 A110:DA64 A111:DV24 A115:DA63 A116:DV17 A118:DV10 A120:DA44 A121:DV12 A122:DA46 A123:DA51 A124:DA47 A125:DA65 A126:DV25 A127:DV01 A128:DA60 A129:DA42 A130:DV02 A132:DA56 A133:DA49 A135:PM04 P401:DA52 P402:DA41 P404:DV09 P405:DV22 P409:DA50 P410:DV20 P411:DV04 S301:DV21 S303:DA54 S305:DA58 S306:DA48 S307:DV18 S308:DV08 S309:DA61 T702:PM03 W201:DA55 W202:DV07 W206:DV03 W207:DA62 W209:DA53,F,HIGALBM319.8669+0.7860,2.907,0.06879944960440317
uid://A001/X2d1f/X4c9,uid://A001/X2d1f/X4c9.source.319.872+00.787.spw.31,2022.1.00700.S,319.872+_a_06_TM1,319.872+00.787,0.024481359695439533,234.49842261175075,6,ISM and star formation,Public,225.8739916666928,-57.67495000000288,2024-08-16T02:58:40.000,A074:DA57 A090:PM01 A091:DA43 A092:DV05 A093:DV13 A094:DV14 A096:DV06 A101:DA45 A105:DV15 A108:DV16 A110:DA64 A111:DV24 A115:DA63 A116:DV17 A118:DV10 A120:DA44 A121:DV12 A122:DA46 A123:DA51 A124:DA47 A125:DA65 A126:DV25 A127:DV01 A128:DA60 A129:DA42 A130:DV02 A132:DA56 A133:DA49 A135:PM04 P401:DA52 P402:DA41 P404:DV09 P405:DV22 P409:DA50 P410:DV20 P411:DV04 S301:DV21 S303:DA54 S305:DA58 S306:DA48 S307:DV18 S308:DV08 S309:DA61 T702:PM03 W201:DA55 W202:DV07 W206:DV03 W207:DA62 W209:DA53,F,HIGALBM319.8669+0.7860,2.907,0.06879944960440317
uid://A001/X2d1f/X4c9,uid://A001/X2d1f/X4c9.source.319.872+00.787.spw.29,2022.1.00700.S,319.872+_a_06_TM1,319.872+00.787,0.024481359695439533,231.93575027516368,6,ISM and star formation,Public,225.8739916666928,-57.67495000000288,2024-08-16T02:58:40.000,A074:DA57 A090:PM01 A091:DA43 A092:DV05 A093:DV13 A094:DV14 A096:DV06 A101:DA45 A105:DV15 A108:DV16 A110:DA64 A111:DV24 A115:DA63 A116:DV17 A118:DV10 A120:DA44 A121:DV12 A122:DA46 A123:DA51 A124:DA47 A125:DA65 A126:DV25 A127:DV01 A128:DA60 A129:DA42 A130:DV02 A132:DA56 A133:DA49 A135:PM04 P401:DA52 P402:DA41 P404:DV09 P405:DV22 P409:DA50 P410:DV20 P411:DV04 S301:DV21 S303:DA54 S305:DA58 S306:DA48 S307:DV18 S308:DV08 S309:DA61 T702:PM03 W201:DA55 W202:DV07 W206:DV03 W207:DA62 W209:DA53,F,HIGALBM319.8669+0.7860,2.907,0.06879944960440317
