name,origin,n_cubes,vcen_kms,NaCl_snr,KCl_snr,H2O_snr,status
G008.672-00.682,survey_2026,4,16.799999237060547,3.2621099150715644,3.768041381801133,6.702299122799306,ok
G008.872-00.492,survey_2026,4,20.100000381469727,5.322125473262127,5.927942273619726,5.606750516544295,ok
G009.213-00.202,survey_2026,20,42.099998474121094,nan,nan,nan,ok
G010.8411-02.5919,survey_2026,5,11.8,3.923006433690265,nan,nan,ok
G012.8062-00.1987,survey_2026,5,35.400001525878906,nan,nan,nan,ok
G014.9958-00.6732,survey_2026,8,21.3,6.190330807835413,5.860504516100292,nan,ok
G015.0357-00.6795,survey_2026,1,19.200000762939453,5.853625250009393,5.279328667937486,4.901612739234105,ok
G015.1288-00.6717,survey_2026,8,19.0,4.909692858353707,6.689765649765946,nan,ok
G018.3412+01.7681,survey_2026,4,33.0,4.272957768440531,4.18561463780115,4.388643128688293,ok
G026.3819+01.4057A,survey_2026,8,42.099998474121094,7.303208956651213,6.189998964316971,5.768792658331099,ok
G026.4207+01.6858,survey_2026,0,nan,nan,nan,nan,skipped_no_vlsr
G035.1979-00.7427,survey_2026,9,33.900001525878906,nan,nan,nan,ok
G076.3829-00.6210,survey_2026,0,nan,nan,nan,nan,skipped_no_vlsr
G080.8645+00.4197,survey_2026,0,nan,nan,nan,nan,skipped_no_vlsr
G081.6802+00.5405B,survey_2026,8,-3.0,7.71293742334035,7.997926970435015,7.816615652306288,ok
G189.0307+00.7821,survey_2026,0,nan,nan,nan,nan,skipped_no_vlsr
G192.6005-00.0479,survey_2026,0,nan,nan,nan,nan,skipped_no_vlsr
G232.6207+00.9959,survey_2026,10,22.9,nan,3.577495166380879,nan,ok
G316.8112-00.0566,survey_2026,1,-38.20000076293945,5.138994998428023,4.7527957448277665,4.901216662974162,ok
G326.6618+00.5207,survey_2026,7,-39.599998474121094,5.149700608096705,5.901828584537001,5.103527616875473,ok
G328.8074+00.6324,survey_2026,1,-41.29999923706055,5.1424566132431275,5.0419409670772515,4.893116963244213,ok
G336.4917-01.4741A,survey_2026,4,-23.399999618530273,8.575743544731486,2.8450900170051394,nan,ok
G336.4917-01.4741B,survey_2026,4,-23.399999618530273,0.23569113939567513,2.65563575322936,nan,ok
G339.6221-00.1209,survey_2026,4,-34.20000076293945,2.048009362050616,3.225208467671396,nan,ok
G339.8838-01.2588,survey_2026,1,-32.0,nan,nan,nan,ok
G343.1261-00.0623,survey_2026,1,-30.399999618530273,5.484930829329007,5.3448155529749135,5.298605802949855,ok
G344.2207-00.5953,survey_2026,12,-23.200000762939453,nan,nan,nan,ok
G345.0034-00.2240A,survey_2026,7,-27.100000381469727,5.3154401736967625,4.694544029563948,4.220616541030486,ok
G345.0061+01.7944C,survey_2026,0,nan,nan,nan,nan,skipped_no_vlsr
G345.4881+00.3148,survey_2026,1,-17.299999237060547,4.992897932275392,5.168230334263881,5.1553193761778555,ok
G345.4938+01.4677,survey_2026,1,-12.600000381469727,5.223357970569014,5.225523373103361,5.443849391348622,ok
G345.5043+00.3480,survey_2026,7,-17.0,6.418581432642886,14.612112780272673,15.684222138890808,ok
G348.7250-01.0435,survey_2026,7,-11.600000381469727,5.192238854613799,4.670261269863689,4.691004071618148,ok
G351.444+00.659_037,DIHCA2,4,-3.9000000953674316,3.0527546711116296,2.9933613061642603,3.0944731679243636,ok
G351.444+00.659_031,DIHCA2,4,-3.9000000953674316,5.637176526986508,6.859863157595081,4.955711285615772,ok
G351.444+00.659_024,DIHCA2,4,-3.9000000953674316,4.544054320256927,4.552637003181971,nan,ok
G351.444+00.659_021,DIHCA2,4,-3.9000000953674316,3.458245198778808,4.372792152675336,3.6227407012303794,ok
G351.444+00.659_020,DIHCA2,4,-3.9000000953674316,3.458245198778808,3.1079410736095827,nan,ok
G351.444+00.659_018,DIHCA2,4,-3.9000000953674316,1.4680471286389747,nan,nan,ok
G351.444+00.659_003,DIHCA2,4,-3.9000000953674316,1.860136584419609,nan,nan,ok
G351.416+00.646_012,DIHCA2,4,-7.900000095367432,2.623047298667452,3.612849437470117,2.8025621832644596,ok
G351.416+00.646_008,DIHCA2,4,-7.900000095367432,4.6505063710157515,7.495299441325922,nan,ok
G351.416+00.646_006,DIHCA2,4,-7.900000095367432,10.071151561694654,19.248697244738665,9.525300345302766,ok
G351.416+00.646_005,DIHCA2,4,-7.900000095367432,6.72041366307111,11.823341880095597,3.241909290286088,ok
G351.416+00.646_004,DIHCA2,4,-7.900000095367432,3.501473313086034,2.5353327940122043,nan,ok
G351.416+00.646_003,DIHCA2,4,-7.900000095367432,4.988441552920189,3.657053577825907,3.57622234494616,ok
G351.416+00.646_002,DIHCA2,4,-7.900000095367432,9.504207355558394,19.438295740046776,7.611618802708411,ok
G351.416+00.646_001,DIHCA2,4,-7.900000095367432,2.2323314949376853,nan,nan,ok
G350.017-00.519_003,DIHCA2,4,-25.899999618530273,7.505574694216046,7.23495015415712,5.246922418619372,ok
G348.701-01.042_eb1_005,DIHCA2,4,-14.399999618530273,4.426378086533035,10.18767793108692,2.8988414276898338,ok
G348.549-00.979_eb1_004,DIHCA2,4,-15.199999809265137,2.7412474669929088,nan,nan,ok
G348.533-00.982_eb1_006,DIHCA2,4,-14.800000190734863,4.322474054090204,4.581026894086995,nan,ok
G348.531-00.972_eb1_005,DIHCA2,4,-14.800000190734863,1.657662857158318,2.4623742404962723,1.8630040044342586,ok
G348.531-00.972_eb1_002,DIHCA2,4,-14.800000190734863,2.9185930056833835,2.5756333585399487,nan,ok
G345.493+01.469_047,DIHCA2,4,-12.600000381469727,1.7733456993378829,1.860644807368666,1.5232193988081035,ok
G345.493+01.469_044,DIHCA2,4,-12.600000381469727,0.807504984101937,1.5472740260138333,2.277704190772292,ok
G345.493+01.469_042,DIHCA2,4,-12.600000381469727,1.7459376746488262,2.3497902883463113,1.4367476837244535,ok
G345.493+01.469_041,DIHCA2,4,-12.600000381469727,1.1173185196663276,0.8794025118287235,1.822507690161259,ok
G345.493+01.469_039,DIHCA2,4,-12.600000381469727,1.1907006559102573,1.6447485934374892,1.3373187745947666,ok
G345.493+01.469_021,DIHCA2,4,-12.600000381469727,21.089741311605227,25.665578563983214,9.168083886792692,ok
G345.488+00.314_012,DIHCA2,4,-17.299999237060547,4.368051472216179,12.342665116248336,4.099748618151584,ok
G345.488+00.314_008,DIHCA2,4,-17.299999237060547,1.8275641652454166,2.8546951847422606,nan,ok
G345.488+00.314_006,DIHCA2,4,-17.299999237060547,2.34878011559227,1.4162385486837676,nan,ok
G345.181+01.045_011,DIHCA2,4,-16.299999237060547,1.2583175854466546,2.26510784697857,nan,ok
G345.181+01.045_006,DIHCA2,4,-16.299999237060547,4.295563158876882,4.357992114579283,nan,ok
G345.181+01.045_004,DIHCA2,4,-16.299999237060547,1.729523923809148,1.5443306505716348,1.9920581199326488,ok
G345.181+01.045_002,DIHCA2,4,-16.299999237060547,2.187702311394924,0.6205649502165265,nan,ok
G337.406-00.402_004,DIHCA2,4,-41.400001525878906,3.4351405852188064,3.1601849629497107,nan,ok
G337.406-00.402_003,DIHCA2,4,-41.400001525878906,3.431713784794376,3.7395310311183083,nan,ok
G337.152-00.394_001,DIHCA2,4,-40.099998474121094,1.497746974595001,nan,nan,ok
G333.018+00.766_014,DIHCA2,4,-47.79999923706055,2.7087520764643607,2.5709993565038176,1.148324233506879,ok
G333.018+00.766_012,DIHCA2,4,-47.79999923706055,2.5396079399053626,nan,nan,ok
G333.018+00.766_009,DIHCA2,4,-47.79999923706055,1.3280965126419597,2.806386616220556,1.7875304288917946,ok
G333.018+00.766_007,DIHCA2,4,-47.79999923706055,2.095406817898457,nan,nan,ok
G333.018+00.766_006,DIHCA2,4,-47.79999923706055,2.703331615512108,2.911398563977725,nan,ok
G333.018+00.766_005,DIHCA2,4,-47.79999923706055,2.38858308491293,2.7559299295442665,1.649971759185765,ok
G333.018+00.766_004,DIHCA2,4,-47.79999923706055,3.1432256523009805,3.268008555698355,2.340373987927003,ok
G331.384+00.151_005,DIHCA2,4,-44.79999923706055,2.330899517058536,1.8179339414766689,nan,ok
G331.384+00.151_004,DIHCA2,4,-44.79999923706055,1.49297577856748,nan,nan,ok
G329.029-00.206_006,DIHCA2,4,-43.5,1.456024968778323,2.7018039824422564,nan,ok
G329.029-00.206_005,DIHCA2,4,-43.5,2.608457547781162,3.5253004952503164,nan,ok
G329.029-00.206_003,DIHCA2,4,-43.5,2.3665162296382447,3.1797157155030353,nan,ok
G328.809+00.632_010,DIHCA2,4,-41.29999923706055,3.4548514101078767,2.116457319862668,nan,ok
G328.809+00.632_009,DIHCA2,4,-41.29999923706055,12.414173087950378,12.934255108277082,7.98552194697032,ok
G328.809+00.632_004,DIHCA2,4,-41.29999923706055,5.24510163779655,4.710306409891564,nan,ok
G328.809+00.632_001,DIHCA2,4,-41.29999923706055,2.620622940322901,2.2710635009825237,nan,ok
G328.254-00.532_005,DIHCA2,4,-44.099998474121094,2.5815891055380713,1.5920822265827796,nan,ok
G328.254-00.532_002,DIHCA2,4,-44.099998474121094,4.796631289192202,4.829314807407746,nan,ok
G327.301-00.552_eb1_006,DIHCA2,4,-46.900001525878906,0.9409526811184761,1.1835715843242014,1.2002157551217756,ok
G327.301-00.552_eb1_005,DIHCA2,4,-46.900001525878906,4.50477131060838,4.657557468240965,4.53886200267106,ok
G327.301-00.552_eb1_004,DIHCA2,4,-46.900001525878906,2.951231889742021,2.614235494745179,3.233220556754932,ok
G327.301-00.552_eb1_001,DIHCA2,4,-46.900001525878906,2.1547465138735546,1.8989538906980703,nan,ok
G327.293-00.579_eb1_006,DIHCA2,4,-45.20000076293945,7.58932102092141,9.249812556190841,nan,ok
G327.293-00.579_eb1_005,DIHCA2,4,-45.20000076293945,0.741542729400394,0.11088490120651341,nan,ok
G327.293-00.579_eb1_004,DIHCA2,4,-45.20000076293945,7.58932102092141,9.249812556190841,7.095877924073069,ok
G327.293-00.579_eb1_003,DIHCA2,4,-45.20000076293945,1.748347460077653,2.062491487480615,nan,ok
G327.293-00.579_eb1_002,DIHCA2,4,-45.20000076293945,7.5573596841750295,10.126737323503045,7.765231824199112,ok
G326.774-00.126_eb1_007,DIHCA2,4,-55.599998474121094,2.102782072111623,2.148385183315414,nan,ok
G322.164+00.622_006,DIHCA2,4,-53.20000076293945,4.059263786728118,3.6002703845179718,nan,ok
G322.164+00.622_005,DIHCA2,4,-53.20000076293945,2.4521032160080765,1.1563807237068588,2.528894906354684,ok
G322.164+00.622_004,DIHCA2,4,-53.20000076293945,1.9426670870812663,1.3892634846527425,nan,ok
G322.164+00.622_003,DIHCA2,4,-53.20000076293945,1.6784704176455587,1.8314369228974936,1.4885776015958536,ok
G322.158+00.636_002,DIHCA2,4,-53.20000076293945,6.703858932423715,9.50809949730146,8.410079416123311,ok
G320.169+00.824_002,DIHCA2,4,-40.099998474121094,6.27709495351593,6.015027550929601,4.868627837400717,ok
G319.872+00.787_001,DIHCA2,4,-41.20000076293945,2.428717380222109,2.4396222250414334,1.3955789211447958,ok
G316.811-00.059_004,DIHCA2,4,-38.20000076293945,3.455351647020158,8.490086125903593,nan,ok
G316.811-00.059_001,DIHCA2,4,-38.20000076293945,6.243521263014205,6.012434963933594,nan,ok
G313.766-00.862_eb1_003,DIHCA2,4,-50.5,3.6108284913193174,8.778581202642876,nan,ok
G313.766-00.862_eb1_002,DIHCA2,4,-50.5,3.1818306684133106,7.42180741516676,nan,ok
G300.918+00.889_eb1_004,DIHCA2,4,-41.099998474121094,2.750729338437776,1.0934078260017193,3.0977354585658032,ok
G300.918+00.889_eb1_003,DIHCA2,4,-41.099998474121094,1.6978057942321634,2.0429436241471532,1.894870160811114,ok
G300.918+00.889_eb1_001,DIHCA2,4,-41.099998474121094,1.7390533328722442,2.1684801166600485,nan,ok
G035.522-00.274_007,DIHCA2,4,45.599998474121094,3.700846556051269,1.985620294870734,1.5395002617203979,ok
G035.522-00.274_006,DIHCA2,4,45.599998474121094,2.0309679210846143,4.505232274917273,nan,ok
G035.522-00.274_005,DIHCA2,4,45.599998474121094,2.4747708854696615,0.9352152427847568,1.8721815064806533,ok
G035.522-00.274_003,DIHCA2,4,45.599998474121094,1.5324333176403133,nan,nan,ok
G035.522-00.274_001,DIHCA2,4,45.599998474121094,2.237541023741922,1.4109626818054402,2.294126471578578,ok
G035.132-00.744_014,DIHCA2,4,35.0,5.932341855469529,7.024830616171758,4.447660777499783,ok
G035.132-00.744_013,DIHCA2,4,35.0,4.490632389591833,10.483581306212873,4.25819828845126,ok
G035.132-00.744_012,DIHCA2,4,35.0,2.5123637869334883,4.615198222422517,nan,ok
G035.132-00.744_011,DIHCA2,4,35.0,2.9823533987003787,3.2510407658067098,2.576721755029538,ok
G035.132-00.744_006,DIHCA2,4,35.0,3.139405220795766,3.2360165409927246,2.9994025391273444,ok
G035.132-00.744_005,DIHCA2,4,35.0,1.54519293529382,2.9652549725758406,2.7912140255094444,ok
G035.132-00.744_004,DIHCA2,4,35.0,1.4109221452834937,3.3874947091283576,nan,ok
G035.132-00.744_003,DIHCA2,4,35.0,3.694079584302239,6.940946730061089,2.9432251566869287,ok
G035.132-00.744_001,DIHCA2,4,35.0,1.86421866716237,nan,nan,ok
G034.401+00.226_035,DIHCA2,4,57.29999923706055,3.9646180770170867,4.402012563176509,nan,ok
G034.401+00.226_034,DIHCA2,4,57.29999923706055,3.9646180770170867,4.402012563176509,nan,ok
G034.401+00.226_033,DIHCA2,4,57.29999923706055,3.9646180770170867,4.402012563176509,nan,ok
G034.401+00.226_032,DIHCA2,4,57.29999923706055,3.9646180770170867,4.402012563176509,nan,ok
G034.401+00.226_031,DIHCA2,4,57.29999923706055,3.9646180770170867,4.402012563176509,nan,ok
G034.401+00.226_030,DIHCA2,4,57.29999923706055,3.9646180770170867,4.402012563176509,nan,ok
G034.401+00.226_029,DIHCA2,4,57.29999923706055,3.9646180770170867,4.402012563176509,1.3918529599774363,ok
G034.401+00.226_028,DIHCA2,4,57.29999923706055,3.9646180770170867,4.402012563176509,2.495842691984281,ok
G034.401+00.226_027,DIHCA2,4,57.29999923706055,5.138134716736308,4337.138312085613,2.495842691984281,ok
G034.401+00.226_026,DIHCA2,4,57.29999923706055,6.132870161537515,4337.138312085613,4.1285322677259035,ok
G034.401+00.226_025,DIHCA2,4,57.29999923706055,5.138134716736308,4337.138312085613,2.495842691984281,ok
G034.401+00.226_024,DIHCA2,4,57.29999923706055,5.138134716736308,4337.138312085613,2.495842691984281,ok
G034.401+00.226_023,DIHCA2,4,57.29999923706055,5.138134716736308,4337.138312085613,2.495842691984281,ok
G034.401+00.226_022,DIHCA2,4,57.29999923706055,5.138134716736308,4337.138312085613,2.495842691984281,ok
G034.401+00.226_021,DIHCA2,4,57.29999923706055,5.138134716736308,4337.138312085613,2.495842691984281,ok
G034.401+00.226_020,DIHCA2,4,57.29999923706055,5.138134716736308,4337.138312085613,2.495842691984281,ok
G034.401+00.226_019,DIHCA2,4,57.29999923706055,5.138134716736308,4337.138312085613,2.495842691984281,ok
G034.401+00.226_018,DIHCA2,4,57.29999923706055,5.138134716736308,4337.138312085613,2.840061940844944,ok
G034.401+00.226_017,DIHCA2,4,57.29999923706055,5.138134716736308,4337.138312085613,3.2754389971149402,ok
G034.401+00.226_016,DIHCA2,4,57.29999923706055,5.138134716736308,4337.138312085613,2.495842691984281,ok
G034.401+00.226_015,DIHCA2,4,57.29999923706055,5.138134716736308,4337.138312085613,2.495842691984281,ok
G034.401+00.226_014,DIHCA2,4,57.29999923706055,5.138134716736308,4337.138312085613,2.495842691984281,ok
G034.401+00.226_011,DIHCA2,4,57.29999923706055,5.351205136155288,5.220460566378846,4.473914429596565,ok
G034.401+00.226_010,DIHCA2,4,57.29999923706055,3.500780500019555,3.320889564360393,2.998879790539822,ok
G034.401+00.226_007,DIHCA2,4,57.29999923706055,2.9099934391856546,7683.498438192409,nan,ok
G034.401+00.226_003,DIHCA2,4,57.29999923706055,3.874495288353379,3.6109489329760143,3.343514703182782,ok
G034.401+00.226_002,DIHCA2,4,57.29999923706055,4.580596774232596,4.574922955221283,4.945187879387551,ok
G034.401+00.226_001,DIHCA2,4,57.29999923706055,3.6587754064727576,3.949607389387628,2.9993891954433622,ok
G034.258+00.166_019,DIHCA2,4,57.20000076293945,3.7288222644257916,3.9823062232743145,2.6255721540779486,ok
G034.258+00.166_018,DIHCA2,4,57.20000076293945,1.5294803678276288,3.5766206930283277,nan,ok
G034.258+00.166_017,DIHCA2,4,57.20000076293945,1.7043426617582231,1.3818791415659233,1.355699216815933,ok
G034.258+00.166_016,DIHCA2,4,57.20000076293945,2.0455063087852565,nan,nan,ok
G034.258+00.166_015,DIHCA2,4,57.20000076293945,1.5094311782603544,2892.924158912558,1.739333971896881,ok
G034.258+00.166_014,DIHCA2,4,57.20000076293945,1.8057774798668074,733.016085752366,1.2192521806912588,ok
G034.258+00.166_010,DIHCA2,4,57.20000076293945,4.283880078765118,4.166240656131016,2.2314731580583023,ok
G034.258+00.166_009,DIHCA2,4,57.20000076293945,5.620238235834427,5.0252236550555045,3.908275053460428,ok
G034.258+00.166_008,DIHCA2,4,57.20000076293945,5.74557363443739,3.2905636359889683,2.604915318254688,ok
G034.258+00.166_006,DIHCA2,4,57.20000076293945,2.4471754323306896,4.288921611975114,3.382760267740828,ok
G034.258+00.166_003,DIHCA2,4,57.20000076293945,2.3533969106833323,2.8376769277427356,2.6246517197277033,ok
G034.258+00.166_002,DIHCA2,4,57.20000076293945,2.5484427424520804,0.6372011526434505,nan,ok
G034.258+00.154_006,DIHCA2,4,57.20000076293945,15.079435999061177,14.550081190799755,12.253719680349857,ok
G034.258+00.154_005,DIHCA2,4,57.20000076293945,9.323781060475426,11.029946484198787,4.542398990901368,ok
G034.258+00.154_004,DIHCA2,4,57.20000076293945,71.70234441809062,72.72107327565489,43.73591317596796,ok
G034.258+00.154_003,DIHCA2,4,57.20000076293945,13.782139017807372,15.482618645543884,13.380121278101628,ok
G034.258+00.154_002,DIHCA2,4,57.20000076293945,32.76584185383622,29.862702311095212,18.681497501141855,ok
G034.258+00.154_001,DIHCA2,4,57.20000076293945,24.49901528135205,25.515331483741544,6.689867676575399,ok
G016.364-00.207_004,DIHCA2,4,49.099998474121094,1.4711176764505638,1.6315445474472938,2.4181726991756562,ok
G016.364-00.207_002,DIHCA2,4,49.099998474121094,2.31994733611437,14.217189944605153,nan,ok
G015.029-00.669_eb1_005,DIHCA2,4,19.200000762939453,2.321488207570102,2.341428021484336,1.8389182189007276,ok
G015.029-00.669_eb1_004,DIHCA2,4,19.200000762939453,1.0083053605989418,1.7692997973843942,2.3638654666638548,ok
G015.029-00.669_eb1_003,DIHCA2,4,19.200000762939453,5.740528714595641,5.631410063995041,4.871703140647061,ok
G015.029-00.669_eb1_002,DIHCA2,4,19.200000762939453,3.2942224746530897,7.000655898251846,1.7304129646190776,ok
G015.029-00.669_eb1_001,DIHCA2,4,19.200000762939453,1.8392082510073855,1.9242774415409196,2.628902964312988,ok
G015.024-00.654_eb1_005,DIHCA2,4,19.399999618530273,3.0550285421833605,2.6141339654460105,nan,ok
G015.024-00.654_eb1_003,DIHCA2,4,19.399999618530273,2.272693158908784,2.2039634764315355,1.9487566716677578,ok
G015.024-00.654_eb1_002,DIHCA2,4,19.399999618530273,2.631599842372609,2.1174814684373358,1.2023097987683686,ok
G015.024-00.654_eb1_001,DIHCA2,4,19.399999618530273,6.784249918294515,2.9751782298962177,nan,ok
G015.013-00.671_eb1_005,DIHCA2,4,19.399999618530273,2.427076241882,3.7588028502163837,2.378672449523183,ok
G015.013-00.671_eb1_002,DIHCA2,4,19.399999618530273,4.853569329082433,5.365952119803834,4.40257997538072,ok
G015.013-00.671_eb1_001,DIHCA2,4,19.399999618530273,3.390672634107402,6.881763579381028,2.3596540992843082,ok
G014.449-00.101_eb1_003,DIHCA2,4,40.20000076293945,2.584410217898207,1.9470221445308156,3.072869143694564,ok
G014.449-00.101_eb1_002,DIHCA2,4,40.20000076293945,2.943400652187191,2.7714760059408308,2.8585528009713417,ok
G014.449-00.101_eb1_001,DIHCA2,4,40.20000076293945,2.6415356475375904,3.1840251233855277,2.697086777030051,ok
G014.194-00.194_eb1_011,DIHCA2,4,39.400001525878906,4.7514457266694725,6.3073198519269695,3.509940643789793,ok
G014.194-00.194_eb1_010,DIHCA2,4,39.400001525878906,4.7514457266694725,6.3073198519269695,3.509940643789793,ok
G014.194-00.194_eb1_009,DIHCA2,4,39.400001525878906,4.7514457266694725,6.3073198519269695,3.195043611679277,ok
G014.194-00.194_eb1_008,DIHCA2,4,39.400001525878906,4.7514457266694725,6.023845232092799,3.509940643789793,ok
G014.194-00.194_eb1_007,DIHCA2,4,39.400001525878906,4.7514457266694725,6.023845232092799,3.0202317893950927,ok
G014.194-00.194_eb1_006,DIHCA2,4,39.400001525878906,4.7514457266694725,6.3073198519269695,3.509940643789793,ok
G014.194-00.194_eb1_005,DIHCA2,4,39.400001525878906,5.792128801155835,6.023845232092799,5.093256950282772,ok
G014.194-00.194_eb1_004,DIHCA2,4,39.400001525878906,5.454780438391169,6.3073198519269695,3.509940643789793,ok
G014.194-00.194_eb1_003,DIHCA2,4,39.400001525878906,4.7514457266694725,6.3073198519269695,3.509940643789793,ok
G014.194-00.194_eb1_002,DIHCA2,4,39.400001525878906,4.7514457266694725,6.3073198519269695,3.509940643789793,ok
G014.194-00.194_eb1_001,DIHCA2,4,39.400001525878906,4.7514457266694725,8.093005558703556,3.509940643789793,ok
G013.276-00.334_001,DIHCA2,4,38.20000076293945,3.2506080029680526,2.8751497112222517,2.5126889475421748,ok
G012.908-00.259_010,DIHCA2,4,36.70000076293945,6.154962209057115,7.839751969604858,4.4171877622163285,ok
G012.908-00.259_008,DIHCA2,4,36.70000076293945,6.0826752640686435,7.765292552426949,5.239283305583243,ok
G012.908-00.259_007,DIHCA2,4,36.70000076293945,1.325281660729302,1.2750506977714466,1.6325232004175314,ok
G012.908-00.259_006,DIHCA2,4,36.70000076293945,2.111216320236307,2.7032891477712413,3.684837314675724,ok
G012.908-00.259_005,DIHCA2,4,36.70000076293945,4.959066068386815,13.350190539564394,5.7690087410713815,ok
G012.908-00.259_004,DIHCA2,4,36.70000076293945,4.755851081208522,10.790396833823728,nan,ok
G012.908-00.259_003,DIHCA2,4,36.70000076293945,2.841771845283108,3.164611580017137,2.6478702496450883,ok
G012.908-00.259_002,DIHCA2,4,36.70000076293945,2.834075699954564,4.38926062312952,nan,ok
G012.908-00.259_001,DIHCA2,4,36.70000076293945,2.200917067027555,1.2991381382585594,1.8321899798621686,ok
G011.917-00.612_007,DIHCA2,4,35.20000076293945,4.224320724874262,5.153526782223367,2.800016832807913,ok
G011.917-00.612_006,DIHCA2,4,35.20000076293945,3.0323689988632863,3.1481125822285883,nan,ok
G011.917-00.612_004,DIHCA2,4,35.20000076293945,2.9134659434274175,9.567747807883704,2.9841869644828036,ok
G011.917-00.612_001,DIHCA2,4,35.20000076293945,2.7806152866196494,5.658391820453246,3.363458441118263,ok
G011.082-00.534_eb1_002,DIHCA2,4,29.5,2.497612123282237,2.113176819271822,nan,ok
G010.404-00.201_eb1_002,DIHCA2,4,11.0,2.3348888818709637,1.2488088661402375,1.9018616402289457,ok
G009.879-00.751_008,DIHCA2,4,27.600000381469727,4.80474590650279,3.5477552740465574,2.5675552698237585,ok
G009.879-00.751_007,DIHCA2,4,27.600000381469727,2.58713424878263,2.85321203430239,2.4849698977610917,ok
G009.879-00.751_006,DIHCA2,4,27.600000381469727,4.80474590650279,3.5477552740465574,2.5675552698237585,ok
G009.879-00.751_005,DIHCA2,4,27.600000381469727,2.8127784325659477,2.5903772715984097,1.3666593627634005,ok
G009.879-00.751_004,DIHCA2,4,27.600000381469727,5.7390270491705495,3.5477552740465574,2.9466740947319923,ok
G009.879-00.751_003,DIHCA2,4,27.600000381469727,3.875742850737972,2.6699292735586897,1.8718726057972055,ok
G009.879-00.751_002,DIHCA2,4,27.600000381469727,3.875742850737972,2.6699292735586897,1.8718726057972055,ok
G009.879-00.751_001,DIHCA2,4,27.600000381469727,4.80474590650279,3.5477552740465574,2.5675552698237585,ok
G009.213-00.202_009,DIHCA2,4,42.099998474121094,4.343796302481105,4.833994157271473,2.554838257072159,ok
G009.213-00.202_008,DIHCA2,4,42.099998474121094,2.920886847933235,3.4518193476654626,2.8017115409534363,ok
G009.213-00.202_007,DIHCA2,4,42.099998474121094,2.920886847933235,3.4518193476654626,2.5561299944790843,ok
G009.213-00.202_006,DIHCA2,4,42.099998474121094,3.700733930457248,3.6738456712691683,2.3800259875693563,ok
G009.213-00.202_005,DIHCA2,4,42.099998474121094,4.343796302481105,4.833994157271473,2.554838257072159,ok
G009.213-00.202_004,DIHCA2,4,42.099998474121094,4.343796302481105,4.833994157271473,2.554838257072159,ok
G009.213-00.202_003,DIHCA2,4,42.099998474121094,4.343796302481105,4.833994157271473,2.554838257072159,ok
G009.213-00.202_002,DIHCA2,4,42.099998474121094,4.343796302481105,4.833994157271473,2.554838257072159,ok
G009.213-00.202_001,DIHCA2,4,42.099998474121094,4.343796302481105,4.833994157271473,2.554838257072159,ok
G008.872-00.492_002,DIHCA2,4,20.100000381469727,2.7098594024604443,2.4801851109943933,nan,ok
G008.872-00.492_001,DIHCA2,4,20.100000381469727,4.144653707721743,6.217589510787899,nan,ok
G008.672-00.682_002,DIHCA2,4,16.799999237060547,4.3380600158077245,4.8693706103648005,5.087438214448333,ok
G008.672-00.682_001,DIHCA2,4,16.799999237060547,3.0750628321499462,2.1491985006338394,nan,ok
