target,proposal,src_id,ra,dec,peak_Jybeam,snr,sep_arcsec,on_target,all_off_target
G010.8411-02.5919,2015.1.00480.S,1,274.7966651607635,-20.793969353369768,0.0140925757586956,23.37913703918457,14.629435349643671,False,True
G010.8411-02.5919,2015.1.00480.S,2,274.7992068759545,-20.788047167711824,0.0178024042397737,29.53362464904785,14.513042809139028,False,True
G010.8411-02.5919,2016.1.01036.S,1,274.49256045114424,-12.123580665322814,0.0070637050084769,96.77989196777344,31223.205341452987,False,True
G010.8411-02.5919,2016.1.01036.S,2,274.49218002196864,-12.123544554214243,0.0116415144875645,159.50050354003906,31223.377782991513,False,True
G010.8411-02.5919,2016.1.01036.S,3,274.49305537780333,-12.12332788676561,0.0047944993712008,65.68948364257812,31224.05961468614,False,True
G010.8411-02.5919,2016.1.01036.S,4,274.49185868951326,-12.123071498257064,0.003813385264948,52.24723052978516,31225.11579222875,False,True
G010.8411-02.5919,2017.1.00101.S,1,272.6132503433527,-19.377873282911622,0.0134498849511146,11.170130729675291,8949.772701472652,False,True
G010.8411-02.5919,2017.1.00101.S,2,272.61687574586745,-19.37103333209746,0.0212266184389591,17.628707885742188,8953.784323334043,False,True
G010.8411-02.5919,2017.1.01079.S,1,274.8003958333,-20.79193055556,0.0444578304886817,873.4528198242188,0.08611751416674655,True,False
G010.8411-02.5919,2017.1.01079.S,2,274.8021262958204,-20.79095554688781,0.0038695451803505,76.02406311035156,6.714057828244717,False,False
G010.8411-02.5919,2019.2.00120.S,1,274.7027179990323,-2.7512722067347983,0.1936026513576507,10.39648723602295,64947.15239957736,False,True
G015.0357-00.6795,2022.1.00700.S,1,275.0862325233392,-16.21185908752716,0.0035007747355848,46.91396331787109,90.10531290599037,False,True
G015.0357-00.6795,2022.1.00700.S,2,275.086140100008,-16.211504087097005,0.005282471422106,70.79051971435547,89.36632632109968,False,True
G015.0357-00.6795,2023.1.01346.S,1,275.10342718179066,-16.193088117717036,0.0131413778290152,97.67634582519533,0.2650051035891097,True,False
G076.3829-00.6210,2022.1.00367.S,1,306.86258448169303,37.373731537926446,0.0358256697654724,21.31146812438965,22.56452512476197,False,False
G076.3829-00.6210,2022.1.00367.S,2,306.863737997245,37.3753981969551,0.0465040877461433,27.663694381713867,17.531043620962294,False,False
G076.3829-00.6210,2022.1.00367.S,3,306.85734103690965,37.37864809810333,0.0765025913715362,45.50878143310547,12.890976666144555,False,False
G076.3829-00.6210,2022.1.00367.S,4,306.8617455315885,37.37989820310417,0.0359541289508342,21.38788414001465,0.6064815431287324,True,False
G076.3829-00.6210,2022.1.00367.S,5,306.86635994057355,37.381564804577984,0.0359652563929557,21.39450454711914,14.966976063751142,False,False
G081.6802+00.5405A,2019.1.00263.S,1,309.75545223514933,42.3113618117274,0.0187432803213596,21.43332290649414,57.07604467810674,False,True
G081.6802+00.5405A,2019.1.00263.S,2,309.7537907159168,42.31868111526919,0.0415676496922969,47.53345489501953,31.570840983802295,False,True
G081.6802+00.5405A,2019.1.00263.S,3,309.7556418960019,42.32510349333664,0.0437062792479991,49.97901916503906,7.985044035098329,False,True
G081.6802+00.5405B,2019.1.00263.S,1,309.75310751706587,42.32437548872553,0.0514031760394573,115.7584457397461,26.83708414406906,False,False
G081.6802+00.5405B,2019.1.00263.S,2,309.75373884313944,42.31870549875307,0.0511685796082019,115.23014068603516,46.8238086324781,False,False
G081.6802+00.5405B,2019.1.00263.S,3,309.7429469669726,42.316184850648135,0.0266516804695129,60.018802642822266,64.58450432409887,False,False
G081.6802+00.5405B,2019.1.00263.S,4,309.7544329996394,42.32556550580811,0.0241058394312858,54.28564453125,22.06089001437375,False,False
G081.6802+00.5405B,2019.1.00263.S,5,309.7550326207484,42.33135217519782,0.0237571969628334,53.5005111694336,1.2249427514388904,True,False
G081.6802+00.5405B,2019.1.00263.S,6,309.7548432816849,42.32540217466867,0.0216836333274841,48.83090591430664,22.573087604617836,False,False
G081.6802+00.5405B,2019.1.00263.S,7,309.7544961242851,42.32519217290762,0.0211769174784421,47.68979644775391,23.385118687718705,False,False
G081.6802+00.5405B,2019.1.00263.S,8,309.75474859908246,42.32572884095878,0.0203648675233125,45.861083984375,21.411158749074247,False,False
G081.6802+00.5405B,2019.1.00263.S,9,309.7543698722779,42.32607883867396,0.0165127795189619,37.18629455566406,20.23956472616091,False,False
G081.6802+00.5405B,2019.1.00263.S,10,309.7531390208623,42.32603215597535,0.0156801268458366,35.311187744140625,21.018534553959118,False,False
G081.6802+00.5405B,2019.1.00263.S,11,309.7555691617688,42.325448841633865,0.0154661340638995,34.829280853271484,22.40475882615038,False,False
G081.6802+00.5405B,2019.1.00263.S,12,309.7544329652464,42.32820217247519,0.0147735206410288,33.269535064697266,12.641729868656304,False,False
G081.6802+00.5405B,2019.1.00263.S,13,309.7543382847863,42.32794550509429,0.013425669632852,30.234214782714844,13.594821432937444,False,False
G081.6802+00.5405B,2019.1.00263.S,14,309.7530127995706,42.32547215358712,0.0132413953542709,29.81923484802246,23.053030128534807,False,False
G081.6802+00.5405B,2019.1.00263.S,15,309.7529812479699,42.32523881963519,0.0132136717438697,29.75680160522461,23.887248480142052,False,False
G081.6802+00.5405B,2019.1.00263.S,16,309.75487482973824,42.32738550811003,0.0127090383321046,28.62038230895996,15.437706391861536,False,False
G081.6802+00.5405B,2019.1.00263.S,17,309.7545907901836,42.32649884015809,0.0124134058132767,27.954626083374023,18.676626971967924,False,False
G081.6802+00.5405B,2019.1.00263.S,18,309.75253935484744,42.3264988100628,0.0114563778042793,25.799427032470703,19.914129126380445,False,False
G081.6802+00.5405B,2019.1.00263.S,19,309.75635816464893,42.32558883676588,0.0113219339400529,25.49666404724121,22.093137434897017,False,False
G081.6802+00.5405B,2019.1.00263.S,20,309.75620035789245,42.32516883817232,0.0111811961978673,25.179725646972656,23.540696074117765,False,False
G081.8789+00.7822,2022.1.01756.S,1,308.89354160382084,42.33514178672654,0.0027363509871065,22.145273208618164,2289.025342864084,False,True
G081.8789+00.7822,2022.1.01756.S,2,308.8934452183373,42.3352895645925,0.0070267552509903,56.86749267578125,2289.0017722967123,False,True
G081.8789+00.7822,2022.1.01756.S,3,308.8942698587391,42.335714422339954,0.0084908157587051,68.71612548828125,2286.355779573379,False,True
G081.8789+00.7822,2022.1.01756.S,4,308.89360943372753,42.33599150883822,0.0030022317077964,24.29704475402832,2287.4352687961573,False,True
G081.8789+00.7822,2022.1.01756.S,5,308.8948196711926,42.33801816681541,0.0059083402156829,47.816165924072266,2281.1968535242186,False,True
G189.0307+00.7821,2022.1.01160.S,1,92.1704847030546,21.51582937616912,0.0009604231454432,28.1988468170166,6.499610936810958,False,False
G189.0307+00.7821,2022.1.01160.S,2,92.16730537458362,21.516286496334423,0.001850615022704,54.33564376831055,5.414321482316843,False,False
G189.0307+00.7821,2022.1.01160.S,3,92.16846937912617,21.516521166671076,0.0007458094623871,21.897605895996094,1.5294394008053538,True,False
G189.0307+00.7821,2022.1.01160.S,4,92.17120729582756,21.51681447682609,0.0009302928810939,27.314197540283203,7.951775153529441,False,False
G189.0307+00.7821,2022.1.01160.S,5,92.16802269369262,21.516995388438566,0.0025580986402928,75.10797119140625,2.8256929263093356,True,False
G189.0307+00.7821,2022.1.01160.S,6,92.1684063178003,21.516997833345247,0.0247463434934616,726.5738525390625,1.6348816640428132,True,False
G189.0307+00.7821,2022.1.01160.S,7,92.16805947951188,21.517017388520863,0.0008970209746621,26.337305068969727,2.731505853847165,True,False
G189.0307+00.7821,2022.1.01160.S,8,92.1692103580962,21.51813205369187,0.0008390745497308,24.635948181152344,5.036255642126527,False,False
G189.0307+00.7821,2022.1.01160.S,9,92.16992506476451,21.518528048793147,0.0012980664614588,38.11234664916992,7.284990546761073,False,False
G189.0307+00.7821,2022.1.01160.S,10,92.16944421657207,21.51864049686802,0.008210839703679,241.07730102539065,7.010947734481844,False,False
G189.0307+00.7821,2022.1.01160.S,11,92.16944947208636,21.5186869412802,0.009159829467535,268.9404602050781,7.176077601308622,False,False
G192.6005-00.0479,2019.1.00315.S,1,93.22504858560896,17.989736299969934,0.0573755949735641,64.882568359375,0.05471482145504504,True,False
G232.6207+00.9959,2015.1.01454.S,1,113.03928543339366,-16.97561694133793,0.005891581531614,10.008705139160156,19.31164639683576,False,True
G232.6207+00.9959,2015.1.01454.S,2,113.04165274577682,-16.975579996288694,0.005963921546936,10.131596565246582,19.075558249352103,False,True
G232.6207+00.9959,2015.1.01454.S,3,113.04205005617384,-16.975495549066544,0.0067869173362851,11.529714584350586,19.103549818912423,False,True
G232.6207+00.9959,2015.1.01454.S,4,113.0424749563134,-16.975326656355705,0.0060825925320386,10.333196640014648,18.981506674509312,False,True
G232.6207+00.9959,2015.1.01454.S,5,113.0434627065492,-16.97483053296034,0.006441930308938,10.943645477294922,18.890148446723376,False,True
G232.6207+00.9959,2015.1.01454.S,6,113.0440917705934,-16.974350244881126,0.0065490487031638,11.125619888305664,18.78285247224115,False,True
G232.6207+00.9959,2015.1.01454.S,7,113.04467116498944,-16.973738011464956,0.0072978767566382,12.39773941040039,18.642513201550234,False,True
G232.6207+00.9959,2015.1.01454.S,8,113.0360462895916,-16.973632453474398,0.0079457145184278,13.498295783996582,19.389107424159086,False,True
G232.6207+00.9959,2015.1.01454.S,9,113.04483118766647,-16.973574396974,0.0071156760677695,12.088214874267578,18.699188783731763,False,True
G232.6207+00.9959,2015.1.01454.S,10,113.03504757742265,-16.97106215199765,0.0075895013287663,12.893156051635742,19.072107126445438,False,True
G232.6207+00.9959,2015.1.01454.S,11,113.04581333695846,-16.970734929051915,0.0061911176890134,10.517560958862305,18.194326760533546,False,True
G232.6207+00.9959,2015.1.01454.S,12,113.03527387786554,-16.968898268903153,0.006350056733936,10.787569046020508,18.915419133160714,False,True
G232.6207+00.9959,2015.1.01454.S,13,113.0449303730383,-16.967694950368056,0.0069009447470307,11.72342586517334,17.955729879400977,False,True
G232.6207+00.9959,2015.1.01454.S,14,113.03650443507252,-16.966971907158122,0.0065232859924435,11.081853866577148,18.56233143305391,False,True
G232.6207+00.9959,2015.1.01454.S,15,113.04338531588851,-16.966227756307504,0.0070538488216698,11.98318099975586,17.89618991006984,False,True
G232.6207+00.9959,2015.1.01454.S,16,113.03799429712232,-16.965916374592467,0.0072159566916525,12.258572578430176,18.3351552585025,False,True
G232.6207+00.9959,2015.1.01454.S,17,113.04254106671353,-16.965779155670447,0.0070308046415448,11.9440336227417,17.966371787511342,False,True
G232.6207+00.9959,2015.1.01454.S,18,113.04179614556118,-16.96555221758414,0.0060289809480309,10.242120742797852,17.939792914311063,False,True
G232.6207+00.9959,2015.1.01454.S,19,113.03911995682556,-16.965515273679202,0.0083838598802685,14.242623329162598,18.215141996369752,False,True
G232.6207+00.9959,2018.1.01561.S,1,113.04077685509918,-16.97004166666947,0.1169647276401519,64.55613708496094,1.4893934345556101,True,False
G232.6207+00.9959,2023.1.01721.S,1,113.0407914579,-16.970051488683325,0.0177677292376756,177.37490844726562,1.4883242961385053,True,False
G232.6207+00.9959,2023.1.01721.S,2,113.04076357724054,-16.97003548868143,0.033663310110569,336.0602111816406,1.484059413664109,True,False
G268.4222-00.8490,2019.1.00685.S,1,135.4760001471,-47.73633344058824,3.69226598739624,24.244253158569336,1.8167102875799268,True,False
G268.4222-00.8490,2021.1.00095.S,1,135.47635597230098,-47.73681820817918,0.0133728943765163,22.44834518432617,2.4958810839140146,True,False
G268.4222-00.8490,2021.1.00095.S,2,135.4767421485926,-47.73652792716221,0.0222820937633514,37.40372848510742,1.3031122737632614,True,False
G268.4222-00.8490,2021.1.00095.S,3,135.4769011571741,-47.736252925451694,0.0298232901841402,50.062721252441406,0.560701687040755,True,False
G268.4222-00.8490,2021.1.00095.S,4,135.47690114866924,-47.73591681434012,0.0147110233083367,24.69458770751953,1.0134005246531685,True,False
G268.4222-00.8490,2021.1.00095.S,5,135.47583348044495,-47.73487793271832,0.0192566197365522,32.32503128051758,5.100101467435172,False,False
G326.6618+00.5207,2022.1.01344.S,1,236.26187326288877,-54.150887527657886,0.0050264834426343,99.51058197021484,0.2124877704624043,True,False
G326.6618+00.5207,2022.1.01344.S,2,236.2599808765245,-54.14889640233388,0.0014816850889474,29.333301544189453,7.992247099643682,False,False
G336.4917-01.4741A,2016.1.01182.S,1,250.0032200440672,-48.87189108583902,0.3147898018360138,20.397912979125977,38.94442611341234,False,True
G336.4917-01.4741A,2016.1.01182.S,2,249.99305153862343,-48.86520203728396,0.5660537481307983,36.679443359375,22.726010387500946,False,True
G336.4917-01.4741A,2016.1.01182.S,3,249.9995881939602,-48.85970779809386,0.405855655670166,26.29884529113769,5.8640417524307,False,True
G336.4917-01.4741B,2016.1.01182.S,1,250.0032200440672,-48.87189108583902,0.3147898018360138,20.397912979125977,26.65531572554963,False,True
G336.4917-01.4741B,2016.1.01182.S,2,249.99305153862343,-48.86520203728396,0.5660537481307983,36.679443359375,27.802213649155302,False,True
G336.4917-01.4741B,2016.1.01182.S,3,249.9995881939602,-48.85970779809386,0.405855655670166,26.29884529113769,21.307373483741067,False,True
G342.1156-03.7089,2023.1.01346.S,1,257.7747740715238,-45.88358329919856,0.0214911308139562,55.69341659545898,8.744217346996974,False,True
G345.0052+01.8209,2023.1.01346.S,1,254.170693766978,-40.22318138291027,0.0118747940286993,31.565460205078125,17.487582212545853,False,True
G345.0052+01.8209,2023.1.01346.S,2,254.1701043958891,-40.22307640732312,0.0082884086295962,22.03216552734375,16.46119943922906,False,True
G345.0061+01.7944C,2023.1.01346.S,1,254.1633126815761,-40.22943147294552,0.0013106649275869,28.86553382873535,94.20101308936967,False,True
G345.0061+01.7944C,2023.1.01346.S,2,254.1671987294121,-40.224735095099206,0.0011538872495293,25.41272735595703,95.00358445857519,False,True
G345.0061+01.7944C,2023.1.01346.S,3,254.1669426028664,-40.22463732059406,0.0011036142241209,24.3055362701416,95.76714701694688,False,True
G345.0061+01.7944C,2023.1.01346.S,4,254.17008802505376,-40.22308196351767,0.0025422475300729,55.9893913269043,93.35652938916051,False,True
G345.0061+01.7944C,2023.1.01346.S,5,254.16108786659527,-40.22308196367267,0.0023863406386226,52.555763244628906,111.80786939014992,False,True
G345.4938+01.4677,2022.1.00700.S,1,254.923443976843,-40.06212661600989,0.0536787286400795,382.1868896484375,3.3517690098078567,True,False
G345.4938+01.4677,2022.1.00700.S,2,254.92854717914528,-40.06007150821042,0.004261293914169,30.339962005615234,14.351169868289327,False,False
G345.5043+00.3480,2022.1.01344.S,1,256.0956613071958,-40.74025370528872,0.0061950809322297,47.92191696166992,1.7361149404923677,True,False
G345.5043+00.3480,2022.1.01344.S,2,256.0954252039677,-40.73968592802304,0.0431350134313106,333.66998291015625,0.7282883175808088,True,False
IRAS17233-3606,2016.1.01137.S,1,261.67722619138186,-36.15482771661591,0.6384561657905579,11.749218940734863,3.240501473409877,True,False
IRAS17233-3606,2017.1.00237.S,1,261.67832397713744,-36.155695963902566,0.016195235773921,33.296016693115234,3.5055755430972324,True,False
IRAS17233-3606,2017.1.00237.S,2,261.67663340414083,-36.15519041203613,0.0102272229269146,21.026294708251957,5.220801382427866,False,False
IRAS17233-3606,2017.1.00237.S,3,261.676166214217,-36.1549298533094,0.0218221880495548,44.86455154418945,6.343436772459034,False,False
IRAS17233-3606,2017.1.00237.S,4,261.6773462348694,-36.15491430226641,0.0413556322455406,85.02363586425781,2.9513836910384326,True,False
IRAS17233-3606,2017.1.00237.S,5,261.67722100820475,-36.15482874678101,0.0429230518639087,88.2461166381836,3.25589897998414,True,False
IRAS17233-3606,2017.1.00237.S,6,261.6764359376792,-36.15448263313898,0.0133297014981508,27.40472412109375,5.582265982480564,False,False
MonR2-IRS2,2018.1.00446.S,1,91.94019511866216,-6.381779729074883,0.0026398848276585,21.02290344238281,2.4969293361133853,True,False
MonR2-IRS2,2018.1.00446.S,2,91.9420969032818,-6.381723727979225,0.0039504473097622,31.45965576171875,4.5247255219614715,True,False
MonR2-IRS2,2018.1.00446.S,3,91.94084514668032,-6.381531729484989,0.0720826089382171,574.0347900390625,0.006701744712085559,True,False
MonR2-IRS2,2022.1.00285.S,1,91.94083948646984,-6.381530409230666,0.1421426981687545,345.7875061035156,0.02748435786821783,True,False
MonR2-IRS2,2022.1.00285.S,2,91.94002443925896,-6.377607909250034,0.0351194962859153,85.4344482421875,14.42999976383776,False,False
MonR2-IRS3,2019.1.00437.S,1,91.9493785176844,-6.382287720532031,0.0478538796305656,168.0953369140625,0.7811167825935003,True,False
MonR2-IRS3,2019.1.00437.S,2,91.94944392299548,-6.382057720522205,0.0168541930615901,59.2033805847168,1.6406289511703636,True,False
MonR2-IRS3,2022.1.00285.S,1,91.9493702691846,-6.382286951212839,0.0623265877366066,298.39190673828125,0.7782762366089399,True,False
MonR2-IRS3,2022.1.00285.S,2,91.9494381900128,-6.3820544511815305,0.0168380439281463,80.61305236816406,1.6472618168551245,True,False
MonR2-IRS3,2022.1.00285.S,3,91.9476571662326,-6.377404449046323,0.0075365123338997,36.08146286010742,19.29930961319087,False,False
NGC6334I,2016.1.00383.S,1,260.2212546820428,-35.78425610826545,0.0390475019812583,24.313594818115234,4.939445767856999,True,False
NGC6334I,2016.1.00383.S,2,260.22161628185364,-35.78314388798258,0.0359426066279411,22.380277633666992,1.3970333644249646,True,False
NGC6334I,2016.1.00383.S,3,260.2226859790767,-35.78297888738218,0.0395777449011802,24.64375877380371,1.7840573154267791,True,False
NGC6334I,2016.1.00383.S,4,260.2227010441289,-35.782838331750504,0.0660969465970993,41.15639114379883,1.9726151662370068,True,False
NGC6334I,2016.1.00383.S,5,260.22257298156313,-35.78274666567085,0.109057605266571,67.90657806396484,1.8213389825373172,True,False
NGC6334I,2016.1.00383.S,6,260.22260311296475,-35.782624443322725,0.0754945948719978,47.007999420166016,2.182414973658485,True,False
NGC6334I,2016.1.00383.S,7,260.22264831037126,-35.78250833200864,0.0492459014058113,30.663801193237305,2.5819908664605005,True,False
NGC6334I,2016.1.01036.S,1,260.22746381938066,-35.754826104381465,0.0097959106788039,17.93462562561035,102.84947096668198,False,True
NGC6334I,2016.1.01036.S,2,260.2299611186706,-35.751092771642014,0.0083615034818649,15.308472633361816,117.35919162446082,False,True
NGC6334I,2016.1.01137.S,1,260.22255820182687,-35.78274444766697,1.4581928253173828,15.454686164855955,1.7926988533008978,True,False
NGC6334I,2018.1.00024.S,1,260.2226922528872,-35.782852783140044,0.1235065013170242,27.72702980041504,1.9284477945658538,True,False
NGC6334I,2018.1.00024.S,2,260.22256898475115,-35.78275278310328,0.1832660287618637,41.1429557800293,1.7985633793213895,True,False
NGC6334I,2018.1.00024.S,3,260.2226049380224,-35.782656949793555,0.1341950446367263,30.12659072875977,2.1037713161656764,True,False
NGC6334I,2018.1.00024.S,4,260.2226408912231,-35.782511116473145,0.0941920801997184,21.145984649658203,2.5604549582098683,True,False
NGC6334I,2018.1.00495.S,1,260.22257945501224,-35.78275171394031,0.0216994173824787,173.75271606445312,1.8251116288723783,True,False
NGC6334I,2018.1.00495.S,2,260.2225952051136,-35.7826239360964,0.0149952676147222,120.0708999633789,2.167736996598888,True,False
NGC6334I,2018.1.00495.S,3,260.2212484860829,-35.78425948985698,0.0114060621708631,91.33122253417967,4.95893347166862,True,False
NGC6334I,2018.1.00495.S,4,260.222634581519,-35.78250254703381,0.0103205349296331,82.63912963867188,2.572766613282012,True,False
NGC6334I,2018.1.00495.S,5,260.22267396122203,-35.782841157959865,0.0091703161597251,73.42903900146484,1.8963016871272238,True,False
NGC6334I,2018.1.00495.S,6,260.2226897227404,-35.784227546775,0.0055968943051993,44.81574630737305,4.561011091607701,True,False
NGC6334I,2018.1.00495.S,7,260.2226267176555,-35.78419560263034,0.0053128669969737,42.54146957397461,4.385369990155799,True,False
NGC6334I,2018.1.00495.S,8,260.22247707324544,-35.78259838098363,0.0048951692879199,39.19685745239258,2.020876203632708,True,False
NGC6334I,2018.1.00495.S,9,260.2225164577908,-35.78394004751968,0.0046705254353582,37.39807891845703,3.4113529196197465,True,False
NGC6334I,2018.1.00495.S,10,260.22161077081944,-35.783147825147374,0.0044395974837243,35.548980712890625,1.415849377695162,True,False
NGC6334I,2018.1.00495.S,11,260.22245344663696,-35.78254088105817,0.0043480065651237,34.81558609008789,2.1589024473392797,True,False
NGC6334I,2018.1.00495.S,12,260.2225400838327,-35.78381865854337,0.0042233327403664,33.817291259765625,3.0395116339036465,True,False
NGC6334I,2018.1.00495.S,13,260.2226188402856,-35.783933658220256,0.0041896859183907,33.547874450683594,3.512541142117594,True,False
NGC6334I,2018.1.00495.S,14,260.2226109652577,-35.78401671381069,0.0041678082197904,33.37269592285156,3.7731619770945026,True,False
NGC6334I,2018.1.00495.S,15,260.22255583527215,-35.783869769594055,0.0041403952054679,33.15319061279297,3.225274664423171,True,False
NGC6334I,2018.1.00495.S,16,260.2225637115401,-35.78398476956337,0.0041275946423411,33.05069351196289,3.612694946212452,True,False
NGC6334I,2018.1.00495.S,17,260.22238256797874,-35.78262393681039,0.0040284087881445,32.25648880004883,1.7966803803227416,True,False
NGC6334I,2018.1.00495.S,18,260.22251645848706,-35.78406782529784,0.0039533651433885,31.655593872070312,3.8423497084024265,True,False
NGC6334I,2018.1.00495.S,19,260.22351661991144,-35.78191476200789,0.0039344825781881,31.504396438598636,5.875308180956752,False,False
NGC6334I,2018.1.00495.S,20,260.22152414061924,-35.783103102555046,0.0037601268850266,30.108285903930664,1.640450777327659,True,False
NGC6334I,2021.1.00713.S,1,259.7842010965014,-36.11944562295904,0.0052336272783577,84.7961654663086,1761.2092920461737,False,True
NGC6334I,2021.1.00713.S,2,259.786888437422,-36.11767062048156,0.0086761247366666,140.57212829589844,1751.1171399621028,False,True
NGC6334I,2021.1.00713.S,3,259.78723402049314,-36.117570615807736,0.0035031381994485,56.75847244262695,1750.1370139616788,False,True
NGC6334I,2022.1.00700.S,1,260.22746971481763,-35.75482574367131,0.0066442880779504,76.60665893554688,102.853386137043,False,True
NGC6334I,2022.1.00700.S,2,260.2275800683375,-35.75241118813283,0.0067631127312779,77.97666931152344,111.49739448535269,False,True
NGC6334I,2022.1.00700.S,3,260.22931809987205,-35.75232506397259,0.0023478318471461,27.069799423217773,112.64507145473046,False,True
NGC6334I,2022.1.00700.S,4,260.2291568094692,-35.75193756623622,0.0029850036371499,34.416202545166016,113.9292537044883,False,True
NGC6334I,2022.1.00700.S,5,260.2286326416912,-35.75178601654949,0.0034117177128791,39.33608627319336,114.19949197886102,False,True
NGC6334I,2022.1.00700.S,6,260.2284947023744,-35.751682684382715,0.0021387606393545,24.65927124023437,114.49968354454562,False,True
NGC6334I,2022.1.00700.S,7,260.229691578508,-35.75166716901686,0.0018961558816954,21.86211204528809,115.17775135706827,False,True
NGC6334I,2022.1.00700.S,8,260.2301074970942,-35.75113499423502,0.0034878239966928,40.21356964111328,117.29480290974675,False,True
NGC6334I,2022.1.00700.S,9,260.2299631927741,-35.75110055276847,0.003985303454101,45.94935989379883,117.3329111121082,False,True
NGC6334I,2022.1.00700.S,10,260.2299122604342,-35.75104027600061,0.0025901857297867,29.86406898498535,117.51667014118429,False,True
NGC6334I,2022.1.00700.S,11,260.22993560239144,-35.751000664429355,0.0022528092376887,25.974218368530277,117.66981623411328,False,True
NGC6334I,2022.1.00700.S,12,260.23026239965657,-35.75080604640228,0.0035436956677585,40.85775375366211,118.54570190510105,False,True
NGC6334I,2022.1.01399.S,1,260.2215554717858,-35.79145500648901,0.0137573918327689,26.971532821655277,30.261315394429463,False,False
NGC6334I,2022.1.01399.S,2,260.2127409670388,-35.79054200375172,0.0102902250364422,20.174110412597656,38.33952019512224,False,False
NGC6334I,2022.1.01399.S,3,260.2212475200147,-35.78426749975251,0.0800183564424514,156.876953125,4.985444030445151,True,False
NGC6334I,2022.1.01399.S,4,260.2226651310798,-35.784217524171005,0.0190454758703708,37.33888626098633,4.500177505236185,True,False
NGC6334I,2022.1.01399.S,5,260.22135538672,-35.78411750219412,0.0127727873623371,25.04120445251465,4.360378606273278,True,False
NGC6334I,2022.1.01399.S,6,260.22255727182795,-35.784092522896835,0.0162915308028459,31.939743041992188,3.9664184576320904,True,False
NGC6334I,2022.1.01399.S,7,260.2225264573697,-35.7839300225139,0.0165866371244192,32.51830291748047,3.388906159915055,True,False
NGC6334I,2022.1.01399.S,8,260.2216019566382,-35.78315500740627,0.0621626004576683,121.87052917480467,1.446845437262756,True,False
NGC6334I,2022.1.01399.S,9,260.22454499709977,-35.78309253087551,0.0132581042125821,25.992673873901367,7.1901252473097506,False,False
NGC6334I,2022.1.01399.S,10,260.22264974190955,-35.78309252398343,0.0395788103342056,77.59473419189453,1.6583078498624473,True,False
NGC6334I,2022.1.01399.S,11,260.2226959716511,-35.78285502450252,0.1344142705202102,263.52081298828125,1.9353765161317515,True,False
NGC6334I,2022.1.01399.S,12,260.22257270523056,-35.782755023069946,0.1890060752630233,370.5486755371094,1.8022202477388147,True,False
NGC6334I,2022.1.01399.S,13,260.22184850579066,-35.78273001211967,0.0111044757068157,21.770458221435547,1.3717017060320904,True,False
NGC6334I,2022.1.01399.S,14,260.2226035245106,-35.78263002343791,0.1551749110221862,304.2222900390625,2.1688687428367843,True,False
NGC6334I,2022.1.01399.S,15,260.2226343436937,-35.782505023797995,0.1122723668813705,220.111328125,2.5653819381694625,True,False
NGC6334I,2022.1.01399.S,16,260.223512630065,-35.78191753079343,0.017070623114705,33.4671630859375,5.860012193285288,False,False
NGC6334I,2022.1.01399.S,17,260.212773981565,-35.7750545064859,0.021860422566533,42.85762405395508,39.619952240306596,False,False
NGC6334I,2022.1.01399.S,18,260.21175715291787,-35.774829407350275,0.013328043743968,26.129791259765625,42.277612259623496,False,False
NGC6334I,2022.1.01399.S,19,260.1965352320794,-35.774326899870964,0.01336205098778,26.196462631225582,80.96525644424696,False,False
NGC6334I,2022.1.01399.S,20,260.19448730140823,-35.771138915737744,0.0123321786522865,24.177385330200195,91.30711457221875,False,False
NGC6334I,2024.1.01556.S,1,260.22125054051986,-35.78426643431301,0.103591114282608,20.97597312927246,4.977784014437266,True,False
NGC6334I,2024.1.01556.S,2,260.2226969029704,-35.7828619911802,0.1686013489961624,34.139774322509766,1.9284806567551944,True,False
NGC6334I,2024.1.01556.S,3,260.2225654161656,-35.782755325109875,0.2287424802780151,46.31764221191406,1.7847176989781355,True,False
NGC6334I,2024.1.01556.S,4,260.22260924400274,-35.782630880482515,0.1904649883508682,38.56690216064453,2.1784122893154523,True,False
NGC6334I,2024.1.01556.S,5,260.22264211450937,-35.78249754700153,0.1391438096761703,28.174972534179688,2.6005801090874536,True,False
NGC6334IN,2016.1.01036.S,1,260.22746381938066,-35.754826104381465,0.0097959106788039,17.93462562561035,8.772924406191162,False,True
NGC6334IN,2016.1.01036.S,2,260.2299611186706,-35.751092771642014,0.0083615034818649,15.308472633361816,8.471982269492727,False,True
NGC6334IN,2016.1.01147.S,1,260.22746383183727,-35.75482220839689,0.0473810024559497,106.28771209716795,8.758902638414742,False,False
NGC6334IN,2016.1.01147.S,2,260.22874229135255,-35.754534720972,0.0091167232021689,20.451141357421875,8.480440247078109,False,False
NGC6334IN,2016.1.01147.S,3,260.2312632197755,-35.75304303946934,0.0150670167058706,33.799171447753906,11.124069581079194,False,False
NGC6334IN,2016.1.01147.S,4,260.22757684000163,-35.752405543385244,0.0198450572788715,44.517539978027344,0.11700877817737862,True,False
NGC6334IN,2016.1.01147.S,5,260.22862422438953,-35.75178472037662,0.0245349556207656,55.03818130493164,3.8407331721261206,True,False
NGC6334IN,2016.1.01147.S,6,260.2296921314783,-35.75166388822304,0.0183635484427213,41.19413757324219,6.804849800812613,False,False
NGC6334IN,2016.1.01147.S,7,260.2297999486259,-35.751618054484275,0.0110848704352974,24.866199493408203,7.1591301318482685,False,False
NGC6334IN,2016.1.01147.S,8,260.23010799327744,-35.75113055279578,0.0298041142523288,66.8582534790039,8.762027433670083,False,False
NGC6334IN,2016.1.01147.S,9,260.2299591032448,-35.75109722037659,0.0501271188259124,112.4479522705078,8.458247250107256,False,False
NGC6334IN,2016.1.01147.S,10,260.2299128956441,-35.75103888728965,0.030410174280405,68.2177963256836,8.464751638245335,False,False
NGC6334IN,2016.1.01147.S,11,260.23026201314667,-35.750801384990346,0.0318015180528163,71.33894348144531,9.791483698603495,False,False
NGC6334IN,2016.1.01147.S,12,260.2293532757112,-35.75043055553742,0.0120761077851057,27.089799880981445,8.818855163563882,False,False
NGC6334IN,2018.1.00024.S,1,260.2226922528872,-35.782852783140044,0.1235065013170242,27.72702980041504,110.57742271001376,False,True
NGC6334IN,2018.1.00024.S,2,260.22256898475115,-35.78275278310328,0.1832660287618637,41.1429557800293,110.26727060318645,False,True
NGC6334IN,2018.1.00024.S,3,260.2226049380224,-35.782656949793555,0.1341950446367263,30.12659072875977,109.91145446142693,False,True
NGC6334IN,2018.1.00024.S,4,260.2226408912231,-35.782511116473145,0.0941920801997184,21.145984649658203,109.37721620515987,False,True
NGC6334IN,2021.1.00713.S,1,260.2335754200023,-35.7590806663633,0.0084146596491336,82.21121978759766,29.848014660297874,False,True
NGC6334IN,2021.1.00713.S,2,260.2318501807,-35.75905981587458,0.0122310556471347,119.4974136352539,27.11076457710814,False,True
NGC6334IN,2021.1.00713.S,3,260.2323277038959,-35.75898065642167,0.0050705047324299,49.5388298034668,27.54012624008189,False,True
NGC6334IN,2021.1.00713.S,4,260.23458693137894,-35.75752233163159,0.0041665877215564,40.70756149291992,27.659521811925586,False,True
NGC6334IN,2021.1.00713.S,5,260.2326871516109,-35.7574764939388,0.0067799282260239,66.23989868164062,23.691682428721048,False,True
NGC6334IN,2021.1.00713.S,6,260.2331133274388,-35.75657233084839,0.003882291028276,37.92998123168945,22.173625235149807,False,True
NGC6334IN,2021.1.00713.S,7,260.2338270203545,-35.75645983347172,0.0043649566359817,42.645626068115234,23.491892028242464,False,True
NGC6334IN,2021.1.00713.S,8,260.23731840174503,-35.75504728554896,0.0041535072959959,40.57976531982422,30.12285257423465,False,True
NGC6334IN,2021.1.00713.S,9,260.2356907951716,-35.75471398710875,0.0036446736194193,35.60845947265625,25.235529441038295,False,True
NGC6334IN,2021.1.00713.S,10,260.23735945551545,-35.754555617717884,0.0042847427539527,41.861934661865234,29.724080086983985,False,True
NGC6334IN,2022.1.00700.S,1,260.22746971481763,-35.75482574367131,0.0066442880779504,76.60665893554688,8.771196590487735,False,False
NGC6334IN,2022.1.00700.S,2,260.2275800683375,-35.75241118813283,0.0067631127312779,77.97666931152344,0.13566725666429116,True,False
NGC6334IN,2022.1.00700.S,3,260.22931809987205,-35.75232506397259,0.0023478318471461,27.069799423217773,5.195251341054183,False,False
NGC6334IN,2022.1.00700.S,4,260.2291568094692,-35.75193756623622,0.0029850036371499,34.416202545166016,4.991955810595216,True,False
NGC6334IN,2022.1.00700.S,5,260.2286326416912,-35.75178601654949,0.0034117177128791,39.33608627319336,3.8583777946877107,True,False
NGC6334IN,2022.1.00700.S,6,260.2284947023744,-35.751682684382715,0.0021387606393545,24.65927124023437,3.7731336257907198,True,False
NGC6334IN,2022.1.00700.S,7,260.229691578508,-35.75166716901686,0.0018961558816954,21.86211204528809,6.798828983267349,False,False
NGC6334IN,2022.1.00700.S,8,260.2301074970942,-35.75113499423502,0.0034878239966928,40.21356964111328,8.752522739829383,False,False
NGC6334IN,2022.1.00700.S,9,260.2299631927741,-35.75110055276847,0.003985303454101,45.94935989379883,8.46163919956319,False,False
NGC6334IN,2022.1.00700.S,10,260.2299122604342,-35.75104027600061,0.0025901857297867,29.86406898498535,8.460360614302301,False,False
NGC6334IN,2022.1.00700.S,11,260.22993560239144,-35.751000664429355,0.0022528092376887,25.974218368530277,8.598436924167595,False,False
NGC6334IN,2022.1.00700.S,12,260.23026239965657,-35.75080604640228,0.0035436956677585,40.85775375366211,9.782609202246068,False,False
Orion_SrcI,2025.1.00236.S,1,83.81168623541643,-5.375192943443397,0.0157100390642881,57.2437858581543,4.360806994453091,True,False
Orion_SrcI,2025.1.00236.S,2,83.81050325562305,-5.37518183351426,0.0680168718099594,247.83792114257807,0.14277682878190961,True,False
Orion_SrcI,2025.1.00236.S,3,83.80876227285874,-5.372937386666086,0.1417229324579239,516.4059448242188,10.074051989290927,False,False
