name,origin,family,snr_max,n_lines_avail,noise_K,ul3_stack_K,ul3_per_line_K,ul3_per_line_Jybeam,best_line
G008.672-00.682,survey_2026,NaCl,3.262,4,149.53773,448.6132,897.2264,,stacked
G010.8411-02.5919,survey_2026,NaCl,3.923,1,0.8639,2.5917,2.5917,,stacked
G015.0357-00.6795,survey_2026,H2O,4.902,1,46.84569,140.5371,140.5371,,stacked
G015.1288-00.6717,survey_2026,NaCl,4.91,1,0.08225,0.2467,0.2467,,stacked
G018.3412+01.7681,survey_2026,NaCl,4.273,3,8.47168,25.415,44.0201,,stacked
G018.3412+01.7681,survey_2026,H2O,4.389,1,13.69553,41.0866,41.0866,,stacked
G316.8112-00.0566,survey_2026,H2O,4.901,1,38.6067,115.8201,115.8201,,stacked
G328.8074+00.6324,survey_2026,H2O,4.893,1,55.22191,165.6657,165.6657,,stacked
G336.4917-01.4741B,survey_2026,NaCl,0.236,3,0.01391,0.0417,0.0723,,stacked
G339.6221-00.1209,survey_2026,NaCl,2.048,2,0.02909,0.0873,0.1234,,stacked
G345.0034-00.2240A,survey_2026,H2O,4.221,1,9.55434,28.663,28.663,,stacked
G345.4881+00.3148,survey_2026,NaCl,4.993,1,52.52204,157.5661,157.5661,,stacked
G348.7250-01.0435,survey_2026,H2O,4.691,1,20.33368,61.001,61.001,,stacked
G351.444+00.659_037,DIHCA2,H2O,3.094,1,12.64802,,37.9441,0.000898,H2O_232
G351.444+00.659_037,DIHCA2,NaCl,3.053,1,12.56188,,37.6856,0.000891,NaCl_v1_18-17
G351.444+00.659_031,DIHCA2,H2O,4.956,1,13.83229,,41.4969,0.000983,H2O_232
G351.444+00.659_024,DIHCA2,NaCl,4.544,1,14.38543,,43.1563,0.000993,NaCl_v2_17-16
G351.444+00.659_021,DIHCA2,H2O,3.623,1,23.85471,,71.5641,0.001694,H2O_232
G351.444+00.659_021,DIHCA2,NaCl,3.458,4,0.34367,,1.031,2.4e-05,NaCl_v1_17-16
G351.444+00.659_020,DIHCA2,NaCl,3.458,2,0.34367,,1.031,2.4e-05,NaCl_v1_17-16
G351.444+00.659_018,DIHCA2,NaCl,1.468,1,10.16341,,30.4902,0.000707,NaCl_v1_17-16
G351.444+00.659_003,DIHCA2,NaCl,1.86,1,63.95894,,191.8768,0.005999,NaCl_v1_17-16
G351.416+00.646_012,DIHCA2,H2O,2.803,1,28.2431,,84.7293,0.002772,H2O_232
G351.416+00.646_012,DIHCA2,NaCl,2.623,1,28.11974,,84.3592,0.002756,NaCl_v1_18-17
G351.416+00.646_008,DIHCA2,NaCl,4.651,3,12.91059,,38.7318,0.001227,NaCl_v2_17-16
G351.416+00.646_005,DIHCA2,H2O,3.242,1,17.70682,,53.1204,0.001738,H2O_232
G351.416+00.646_004,DIHCA2,NaCl,3.501,1,7.28588,,21.8576,0.000693,NaCl_v2_17-16
G351.416+00.646_003,DIHCA2,NaCl,4.988,2,13.69219,,41.0766,0.001342,NaCl_v1_18-17
G351.416+00.646_003,DIHCA2,H2O,3.576,1,13.67203,,41.0161,0.001342,H2O_232
G351.416+00.646_001,DIHCA2,NaCl,2.232,1,58.52784,,175.5835,0.003827,NaCl_v1_17-16
G348.701-01.042_eb1_005,DIHCA2,NaCl,4.426,4,9.575,,28.725,0.001135,NaCl_v0_18-17
G348.701-01.042_eb1_005,DIHCA2,H2O,2.899,1,14.15926,,42.4778,0.001688,H2O_232
G348.549-00.979_eb1_004,DIHCA2,NaCl,2.741,1,19.49889,,58.4967,0.002241,NaCl_v1_17-16
G348.533-00.982_eb1_006,DIHCA2,NaCl,4.322,1,12.53332,,37.6,0.001312,NaCl_v2_17-16
G348.531-00.972_eb1_005,DIHCA2,H2O,1.863,1,12.02159,,36.0648,0.001278,H2O_232
G348.531-00.972_eb1_005,DIHCA2,NaCl,1.658,1,12.08329,,36.2499,0.001283,NaCl_v1_18-17
G348.531-00.972_eb1_002,DIHCA2,NaCl,2.919,2,35.89162,,107.6749,0.003592,NaCl_v0_18-17
G345.493+01.469_047,DIHCA2,NaCl,1.773,1,43.4437,,130.3311,0.004386,NaCl_v1_18-17
G345.493+01.469_047,DIHCA2,H2O,1.523,1,43.46951,,130.4085,0.004395,H2O_232
G345.493+01.469_044,DIHCA2,H2O,2.278,1,51.29886,,153.8966,0.005187,H2O_232
G345.493+01.469_044,DIHCA2,NaCl,0.808,1,51.16471,,153.4941,0.005165,NaCl_v1_18-17
G345.493+01.469_042,DIHCA2,NaCl,1.746,1,31.15096,,93.4529,0.003145,NaCl_v1_18-17
G345.493+01.469_042,DIHCA2,H2O,1.437,1,31.28676,,93.8603,0.003163,H2O_232
G345.493+01.469_041,DIHCA2,H2O,1.823,1,35.28149,,105.8445,0.003567,H2O_232
G345.493+01.469_041,DIHCA2,NaCl,1.117,1,35.50024,,106.5007,0.003584,NaCl_v1_18-17
G345.493+01.469_039,DIHCA2,H2O,1.337,1,33.98988,,101.9697,0.003437,H2O_232
G345.493+01.469_039,DIHCA2,NaCl,1.191,1,33.98633,,101.959,0.003431,NaCl_v1_18-17
G345.488+00.314_012,DIHCA2,NaCl,4.368,4,4.37604,,13.1281,0.000568,NaCl_v1_18-17
G345.488+00.314_012,DIHCA2,H2O,4.1,1,4.34714,,13.0414,0.000565,H2O_232
G345.488+00.314_008,DIHCA2,NaCl,1.828,1,7.54273,,22.6282,0.001042,NaCl_v2_17-16
G345.488+00.314_006,DIHCA2,NaCl,2.349,1,10.6986,,32.0958,0.001477,NaCl_v2_17-16
G345.181+01.045_011,DIHCA2,NaCl,1.258,1,42.8202,,128.4606,0.003126,NaCl_v2_17-16
G345.181+01.045_006,DIHCA2,NaCl,4.296,1,13.93334,,41.8,0.001385,NaCl_v2_17-16
G345.181+01.045_004,DIHCA2,H2O,1.992,1,20.54302,,61.6291,0.002109,H2O_232
G345.181+01.045_004,DIHCA2,NaCl,1.73,2,0.61516,,1.8455,6.1e-05,NaCl_v1_17-16
G345.181+01.045_002,DIHCA2,NaCl,2.188,2,14.7244,,44.1732,0.001017,NaCl_v0_18-17
G337.406-00.402_004,DIHCA2,NaCl,3.435,3,10.21572,,30.6472,0.000922,NaCl_v1_17-16
G337.406-00.402_003,DIHCA2,NaCl,3.432,2,13.14104,,39.4231,0.001677,NaCl_v0_18-17
G337.152-00.394_001,DIHCA2,NaCl,1.498,1,34.13674,,102.4102,0.003083,NaCl_v1_17-16
G333.018+00.766_014,DIHCA2,NaCl,2.709,4,0.61273,,1.8382,7e-05,NaCl_v0_18-17
G333.018+00.766_014,DIHCA2,H2O,1.148,1,1.37258,,4.1177,0.000155,H2O_232
G333.018+00.766_012,DIHCA2,NaCl,2.54,1,16.15465,,48.4639,0.001724,NaCl_v1_17-16
G333.018+00.766_009,DIHCA2,H2O,1.788,1,12.80873,,38.4262,0.001449,H2O_232
G333.018+00.766_009,DIHCA2,NaCl,1.328,1,12.80698,,38.421,0.001446,NaCl_v1_18-17
G333.018+00.766_007,DIHCA2,NaCl,2.095,1,17.6098,,52.8294,0.001879,NaCl_v1_17-16
G333.018+00.766_006,DIHCA2,NaCl,2.703,2,0.37573,,1.1272,4.3e-05,NaCl_v0_18-17
G333.018+00.766_005,DIHCA2,NaCl,2.389,2,0.13036,,0.3911,1.5e-05,NaCl_v1_18-17
G333.018+00.766_005,DIHCA2,H2O,1.65,1,0.13029,,0.3909,1.5e-05,H2O_232
G333.018+00.766_004,DIHCA2,NaCl,3.143,7,0.13036,,0.3911,1.5e-05,NaCl_v1_18-17
G333.018+00.766_004,DIHCA2,H2O,2.34,2,0.13029,,0.3909,1.5e-05,H2O_232
G331.384+00.151_005,DIHCA2,NaCl,2.331,1,26.9093,,80.7279,0.001987,NaCl_v0_18-17
G331.384+00.151_004,DIHCA2,NaCl,1.493,1,28.7258,,86.1774,0.003128,NaCl_v1_17-16
G329.029-00.206_006,DIHCA2,NaCl,1.456,1,13.16223,,39.4867,0.001743,NaCl_v2_17-16
G329.029-00.206_005,DIHCA2,NaCl,2.608,1,12.58747,,37.7624,0.001666,NaCl_v2_17-16
G329.029-00.206_003,DIHCA2,NaCl,2.367,1,20.90724,,62.7217,0.002768,NaCl_v2_17-16
G328.809+00.632_010,DIHCA2,NaCl,3.455,1,19.70903,,59.1271,0.002568,NaCl_v0_18-17
G328.809+00.632_001,DIHCA2,NaCl,2.621,2,14.41396,,43.2419,0.001957,NaCl_v0_18-17
G328.254-00.532_005,DIHCA2,NaCl,2.582,2,5.81247,,17.4374,0.000786,NaCl_v2_17-16
G328.254-00.532_002,DIHCA2,NaCl,4.797,1,8.59334,,25.78,0.000885,NaCl_v2_17-16
G327.301-00.552_eb1_006,DIHCA2,H2O,1.2,1,41.21042,,123.6313,0.004292,H2O_232
G327.301-00.552_eb1_006,DIHCA2,NaCl,0.941,1,41.43233,,124.297,0.004308,NaCl_v1_18-17
G327.301-00.552_eb1_005,DIHCA2,H2O,4.539,1,8.14443,,24.4333,0.000848,H2O_232
G327.301-00.552_eb1_005,DIHCA2,NaCl,4.505,3,8.23873,,24.7162,0.000857,NaCl_v1_18-17
G327.301-00.552_eb1_004,DIHCA2,H2O,3.233,1,2.12769,,6.3831,0.000222,H2O_232
G327.301-00.552_eb1_004,DIHCA2,NaCl,2.951,4,0.98975,,2.9693,0.000105,NaCl_v2_17-16
G327.301-00.552_eb1_001,DIHCA2,NaCl,2.155,2,11.9041,,35.7123,0.001037,NaCl_v1_17-16
G327.293-00.579_eb1_005,DIHCA2,NaCl,0.742,1,1.43581,,4.3074,0.00016,NaCl_v2_17-16
G327.293-00.579_eb1_003,DIHCA2,NaCl,1.748,2,19.74116,,59.2235,0.002207,NaCl_v2_17-16
G326.774-00.126_eb1_007,DIHCA2,NaCl,2.103,2,13.23725,,39.7118,0.00142,NaCl_v0_18-17
G322.164+00.622_006,DIHCA2,NaCl,4.059,1,19.03237,,57.0971,0.002419,NaCl_v2_17-16
G322.164+00.622_005,DIHCA2,H2O,2.529,1,47.48154,,142.4446,0.006243,H2O_232
G322.164+00.622_005,DIHCA2,NaCl,2.452,1,47.56577,,142.6973,0.006244,NaCl_v1_18-17
G322.164+00.622_004,DIHCA2,NaCl,1.943,2,0.33542,,1.0062,4.3e-05,NaCl_v2_17-16
G322.164+00.622_003,DIHCA2,NaCl,1.678,1,0.99249,,2.9775,0.00013,NaCl_v1_18-17
G322.164+00.622_003,DIHCA2,H2O,1.489,1,0.99925,,2.9977,0.000131,H2O_232
G320.169+00.824_002,DIHCA2,H2O,4.869,1,9.99272,,29.9782,0.001496,H2O_232
G319.872+00.787_001,DIHCA2,NaCl,2.429,2,18.293,,54.879,0.002653,NaCl_v2_17-16
G319.872+00.787_001,DIHCA2,H2O,1.396,1,19.67809,,59.0343,0.002682,H2O_232
G316.811-00.059_004,DIHCA2,NaCl,3.455,2,3.34131,,10.0239,0.000552,NaCl_v2_17-16
G313.766-00.862_eb1_003,DIHCA2,NaCl,3.611,3,2.56995,,7.7099,0.000575,NaCl_v2_17-16
G313.766-00.862_eb1_002,DIHCA2,NaCl,3.182,1,2.04073,,6.1222,0.00044,NaCl_v0_18-17
G300.918+00.889_eb1_004,DIHCA2,H2O,3.098,1,35.3037,,105.9111,0.004658,H2O_232
G300.918+00.889_eb1_004,DIHCA2,NaCl,2.751,1,35.51401,,106.542,0.004679,NaCl_v1_18-17
G300.918+00.889_eb1_003,DIHCA2,H2O,1.895,1,32.24543,,96.7363,0.004254,H2O_232
G300.918+00.889_eb1_003,DIHCA2,NaCl,1.698,2,13.8331,,41.4993,0.001766,NaCl_v1_17-16
G300.918+00.889_eb1_001,DIHCA2,NaCl,1.739,1,32.3078,,96.9234,0.004168,NaCl_v0_18-17
G035.522-00.274_007,DIHCA2,NaCl,3.701,3,2.67842,,8.0353,0.000364,NaCl_v0_18-17
G035.522-00.274_007,DIHCA2,H2O,1.54,1,28.09285,,84.2785,0.003737,H2O_232
G035.522-00.274_006,DIHCA2,NaCl,2.031,2,6.25288,,18.7586,0.001697,NaCl_v2_17-16
G035.522-00.274_005,DIHCA2,NaCl,2.475,1,23.27601,,69.828,0.00309,NaCl_v1_18-17
G035.522-00.274_005,DIHCA2,H2O,1.872,1,23.22469,,69.6741,0.003087,H2O_232
G035.522-00.274_003,DIHCA2,NaCl,1.532,1,11.27761,,33.8328,0.002873,NaCl_v1_17-16
G035.522-00.274_001,DIHCA2,H2O,2.294,1,24.64853,,73.9456,0.003277,H2O_232
G035.522-00.274_001,DIHCA2,NaCl,2.238,2,24.71337,,74.1401,0.003281,NaCl_v1_18-17
G035.132-00.744_014,DIHCA2,H2O,4.448,1,9.07616,,27.2285,0.001241,H2O_232
G035.132-00.744_013,DIHCA2,NaCl,4.491,4,4.06433,,12.193,0.000548,NaCl_v2_17-16
G035.132-00.744_013,DIHCA2,H2O,4.258,1,6.30573,,18.9172,0.000862,H2O_232
G035.132-00.744_012,DIHCA2,NaCl,2.512,3,8.48124,,25.4437,0.001143,NaCl_v2_17-16
G035.132-00.744_011,DIHCA2,NaCl,2.982,1,17.2142,,51.6426,0.00235,NaCl_v1_18-17
G035.132-00.744_011,DIHCA2,H2O,2.577,1,17.27461,,51.8238,0.002362,H2O_232
G035.132-00.744_006,DIHCA2,NaCl,3.139,2,14.31024,,42.9307,0.00187,NaCl_v2_17-16
G035.132-00.744_006,DIHCA2,H2O,2.999,1,20.8789,,62.6367,0.002763,H2O_232
G035.132-00.744_005,DIHCA2,H2O,2.791,1,9.78998,,29.3699,0.001296,H2O_232
G035.132-00.744_005,DIHCA2,NaCl,1.545,1,9.83939,,29.5182,0.0013,NaCl_v1_18-17
G035.132-00.744_004,DIHCA2,NaCl,1.411,1,10.48158,,31.4447,0.00293,NaCl_v0_18-17
G035.132-00.744_003,DIHCA2,NaCl,3.694,4,2.91836,,8.7551,0.000758,NaCl_v1_18-17
G035.132-00.744_003,DIHCA2,H2O,2.943,1,2.91916,,8.7575,0.000759,H2O_232
G035.132-00.744_001,DIHCA2,NaCl,1.864,1,12.48123,,37.4437,0.003271,NaCl_v1_17-16
G034.401+00.226_035,DIHCA2,NaCl,3.965,2,0.34773,,1.0432,4.6e-05,NaCl_v2_17-16
G034.401+00.226_034,DIHCA2,NaCl,3.965,3,0.34773,,1.0432,4.6e-05,NaCl_v2_17-16
G034.401+00.226_033,DIHCA2,NaCl,3.965,2,0.34773,,1.0432,4.6e-05,NaCl_v2_17-16
G034.401+00.226_032,DIHCA2,NaCl,3.965,2,0.34773,,1.0432,4.6e-05,NaCl_v2_17-16
G034.401+00.226_031,DIHCA2,NaCl,3.965,2,0.34773,,1.0432,4.6e-05,NaCl_v2_17-16
G034.401+00.226_030,DIHCA2,NaCl,3.965,2,0.34773,,1.0432,4.6e-05,NaCl_v2_17-16
G034.401+00.226_029,DIHCA2,NaCl,3.965,5,0.34773,,1.0432,4.6e-05,NaCl_v2_17-16
G034.401+00.226_029,DIHCA2,H2O,1.392,1,8.11296,,24.3389,0.000888,H2O_232
G034.401+00.226_028,DIHCA2,NaCl,3.965,7,0.34773,,1.0432,4.6e-05,NaCl_v2_17-16
G034.401+00.226_028,DIHCA2,H2O,2.496,3,0.34815,,1.0444,4.6e-05,H2O_232
G034.401+00.226_027,DIHCA2,H2O,2.496,1,0.34815,,1.0444,4.6e-05,H2O_232
G034.401+00.226_026,DIHCA2,H2O,4.129,2,0.34815,,1.0444,4.6e-05,H2O_232
G034.401+00.226_025,DIHCA2,H2O,2.496,1,0.34815,,1.0444,4.6e-05,H2O_232
G034.401+00.226_024,DIHCA2,H2O,2.496,1,0.34815,,1.0444,4.6e-05,H2O_232
G034.401+00.226_023,DIHCA2,H2O,2.496,2,0.34815,,1.0444,4.6e-05,H2O_232
G034.401+00.226_022,DIHCA2,H2O,2.496,1,0.34815,,1.0444,4.6e-05,H2O_232
G034.401+00.226_021,DIHCA2,H2O,2.496,2,0.34815,,1.0444,4.6e-05,H2O_232
G034.401+00.226_020,DIHCA2,H2O,2.496,1,0.34815,,1.0444,4.6e-05,H2O_232
G034.401+00.226_019,DIHCA2,H2O,2.496,2,0.34815,,1.0444,4.6e-05,H2O_232
G034.401+00.226_018,DIHCA2,H2O,2.84,2,0.34815,,1.0444,4.6e-05,H2O_232
G034.401+00.226_017,DIHCA2,H2O,3.275,2,0.34815,,1.0444,4.6e-05,H2O_232
G034.401+00.226_016,DIHCA2,H2O,2.496,2,0.34815,,1.0444,4.6e-05,H2O_232
G034.401+00.226_015,DIHCA2,H2O,2.496,1,0.34815,,1.0444,4.6e-05,H2O_232
G034.401+00.226_014,DIHCA2,H2O,2.496,1,0.34815,,1.0444,4.6e-05,H2O_232
G034.401+00.226_011,DIHCA2,H2O,4.474,2,9.44723,,28.3417,0.000984,H2O_232
G034.401+00.226_010,DIHCA2,NaCl,3.501,3,15.05539,,45.1662,0.001555,NaCl_v2_17-16
G034.401+00.226_010,DIHCA2,H2O,2.999,1,18.00271,,54.0081,0.001875,H2O_232
G034.401+00.226_007,DIHCA2,NaCl,2.91,3,0.30775,,0.9232,4.2e-05,NaCl_v0_18-17
G034.401+00.226_003,DIHCA2,NaCl,3.874,3,,,,0.001488,NaCl_v0_18-17
G034.401+00.226_003,DIHCA2,H2O,3.344,1,18.04012,,54.1204,0.001974,H2O_232
G034.401+00.226_002,DIHCA2,H2O,4.945,1,12.83984,,38.5195,0.001405,H2O_232
G034.401+00.226_002,DIHCA2,NaCl,4.581,4,,,,0.001069,NaCl_v0_18-17
G034.401+00.226_001,DIHCA2,NaCl,3.659,3,19.05062,,57.1519,0.002516,NaCl_v2_17-16
G034.401+00.226_001,DIHCA2,H2O,2.999,1,29.90374,,89.7112,0.003954,H2O_232
G034.258+00.166_019,DIHCA2,NaCl,3.729,3,11.70285,,35.1086,0.001561,NaCl_v0_18-17
G034.258+00.166_019,DIHCA2,H2O,2.626,1,12.8149,,38.4447,0.001655,H2O_232
G034.258+00.166_018,DIHCA2,NaCl,1.529,1,11.04045,,33.1214,0.001505,NaCl_v0_18-17
G034.258+00.166_017,DIHCA2,NaCl,1.704,2,0.18934,,0.568,2.5e-05,NaCl_v1_18-17
G034.258+00.166_017,DIHCA2,H2O,1.356,1,0.19125,,0.5737,2.5e-05,H2O_232
G034.258+00.166_016,DIHCA2,NaCl,2.046,1,21.02819,,63.0846,0.002658,NaCl_v1_17-16
G034.258+00.166_015,DIHCA2,H2O,1.739,1,1.72549,,5.1765,0.000223,H2O_232
G034.258+00.166_015,DIHCA2,NaCl,1.509,4,0.88799,,2.664,0.000118,NaCl_v0_18-17
G034.258+00.166_014,DIHCA2,NaCl,1.806,3,1.03058,,3.0917,0.000133,NaCl_v1_17-16
G034.258+00.166_014,DIHCA2,H2O,1.219,1,4.39184,,13.1755,0.000578,H2O_232
G034.258+00.166_010,DIHCA2,NaCl,4.284,3,12.55461,,37.6638,0.001365,NaCl_v1_18-17
G034.258+00.166_010,DIHCA2,H2O,2.231,1,12.67702,,38.0311,0.001381,H2O_232
G034.258+00.166_009,DIHCA2,H2O,3.908,1,13.3239,,39.9717,0.001451,H2O_232
G034.258+00.166_008,DIHCA2,H2O,2.605,1,18.63898,,55.9169,0.00203,H2O_232
G034.258+00.166_006,DIHCA2,H2O,3.383,2,1.89681,,5.6904,0.000249,H2O_232
G034.258+00.166_006,DIHCA2,NaCl,2.447,5,1.93073,,5.7922,0.000254,NaCl_v1_18-17
G034.258+00.166_003,DIHCA2,H2O,2.625,1,32.51357,,97.5407,0.003351,H2O_232
G034.258+00.166_003,DIHCA2,NaCl,2.353,1,32.99992,,98.9998,0.003396,NaCl_v1_18-17
G034.258+00.166_002,DIHCA2,NaCl,2.548,1,22.99596,,68.9879,0.002565,NaCl_v0_18-17
G034.258+00.154_005,DIHCA2,H2O,4.542,1,21.92051,,65.7615,0.002879,H2O_232
G016.364-00.207_004,DIHCA2,H2O,2.418,1,21.53628,,64.6088,0.002578,H2O_232
G016.364-00.207_004,DIHCA2,NaCl,1.471,1,21.71507,,65.1452,0.002595,NaCl_v1_18-17
G016.364-00.207_002,DIHCA2,NaCl,2.32,1,19.46388,,58.3916,0.002237,NaCl_v0_18-17
G015.029-00.669_eb1_005,DIHCA2,NaCl,2.321,1,41.71698,,125.1509,0.005354,NaCl_v1_18-17
G015.029-00.669_eb1_005,DIHCA2,H2O,1.839,1,41.64847,,124.9454,0.005353,H2O_232
G015.029-00.669_eb1_004,DIHCA2,H2O,2.364,1,29.54337,,88.6301,0.002817,H2O_232
G015.029-00.669_eb1_004,DIHCA2,NaCl,1.008,1,29.63374,,88.9012,0.002821,NaCl_v1_18-17
G015.029-00.669_eb1_003,DIHCA2,H2O,4.872,1,14.31699,,42.951,0.001365,H2O_232
G015.029-00.669_eb1_002,DIHCA2,NaCl,3.294,3,0.25223,,0.7567,3.1e-05,NaCl_v1_18-17
G015.029-00.669_eb1_002,DIHCA2,H2O,1.73,1,0.25249,,0.7575,3.1e-05,H2O_232
G015.029-00.669_eb1_001,DIHCA2,H2O,2.629,1,23.24303,,69.7291,0.002868,H2O_232
G015.029-00.669_eb1_001,DIHCA2,NaCl,1.839,2,23.33375,,70.0012,0.002875,NaCl_v1_18-17
G015.024-00.654_eb1_005,DIHCA2,NaCl,3.055,2,27.31383,,81.9415,0.002596,NaCl_v2_17-16
G015.024-00.654_eb1_003,DIHCA2,NaCl,2.273,2,21.29441,,63.8832,0.00204,NaCl_v1_18-17
G015.024-00.654_eb1_003,DIHCA2,H2O,1.949,1,21.33513,,64.0054,0.002047,H2O_232
G015.024-00.654_eb1_002,DIHCA2,NaCl,2.632,1,26.61506,,79.8452,0.003414,NaCl_v1_18-17
G015.024-00.654_eb1_002,DIHCA2,H2O,1.202,1,26.686,,80.058,0.003429,H2O_232
G015.013-00.671_eb1_005,DIHCA2,NaCl,2.427,2,8.36142,,25.0843,0.000793,NaCl_v2_17-16
G015.013-00.671_eb1_005,DIHCA2,H2O,2.379,1,88.6128,,265.8384,0.008409,H2O_232
G015.013-00.671_eb1_002,DIHCA2,NaCl,4.854,4,21.67105,,65.0131,0.002715,NaCl_v2_17-16
G015.013-00.671_eb1_002,DIHCA2,H2O,4.403,1,22.34133,,67.024,0.002883,H2O_232
G015.013-00.671_eb1_001,DIHCA2,NaCl,3.391,4,14.53999,,43.62,0.001873,NaCl_v1_18-17
G015.013-00.671_eb1_001,DIHCA2,H2O,2.36,1,14.75814,,44.2744,0.001904,H2O_232
G014.449-00.101_eb1_003,DIHCA2,H2O,3.073,2,1.39658,,4.1897,0.000133,H2O_232
G014.449-00.101_eb1_003,DIHCA2,NaCl,2.584,3,1.39087,,4.1726,0.000132,NaCl_v1_18-17
G014.449-00.101_eb1_002,DIHCA2,NaCl,2.943,3,1.39087,,4.1726,0.000132,NaCl_v1_18-17
G014.449-00.101_eb1_002,DIHCA2,H2O,2.859,2,1.39658,,4.1897,0.000133,H2O_232
G014.449-00.101_eb1_001,DIHCA2,H2O,2.697,2,0.82241,,2.4672,0.000107,H2O_232
G014.449-00.101_eb1_001,DIHCA2,NaCl,2.642,4,0.93249,,2.7975,0.000107,NaCl_v1_17-16
G014.194-00.194_eb1_011,DIHCA2,NaCl,4.751,20,0.44488,,1.3346,4.7e-05,NaCl_v2_17-16
G014.194-00.194_eb1_011,DIHCA2,H2O,3.51,5,0.67097,,2.0129,7.1e-05,H2O_232
G014.194-00.194_eb1_010,DIHCA2,NaCl,4.751,20,0.44488,,1.3346,4.7e-05,NaCl_v2_17-16
G014.194-00.194_eb1_010,DIHCA2,H2O,3.51,5,0.67097,,2.0129,7.1e-05,H2O_232
G014.194-00.194_eb1_009,DIHCA2,NaCl,4.751,20,0.44488,,1.3346,4.7e-05,NaCl_v2_17-16
G014.194-00.194_eb1_009,DIHCA2,H2O,3.195,5,0.67097,,2.0129,7.1e-05,H2O_232
G014.194-00.194_eb1_008,DIHCA2,NaCl,4.751,20,0.56733,,1.702,5.4e-05,NaCl_v0_18-17
G014.194-00.194_eb1_008,DIHCA2,H2O,3.51,5,0.67097,,2.0129,7.1e-05,H2O_232
G014.194-00.194_eb1_007,DIHCA2,NaCl,4.751,20,0.56733,,1.702,5.4e-05,NaCl_v0_18-17
G014.194-00.194_eb1_007,DIHCA2,H2O,3.02,5,0.59114,,1.7734,7.2e-05,H2O_232
G014.194-00.194_eb1_006,DIHCA2,NaCl,4.751,20,0.44488,,1.3346,4.7e-05,NaCl_v2_17-16
G014.194-00.194_eb1_006,DIHCA2,H2O,3.51,5,0.59114,,1.7734,7.2e-05,H2O_232
G014.194-00.194_eb1_004,DIHCA2,H2O,3.51,5,0.67097,,2.0129,7.1e-05,H2O_232
G014.194-00.194_eb1_003,DIHCA2,NaCl,4.751,20,0.44488,,1.3346,4.7e-05,NaCl_v2_17-16
G014.194-00.194_eb1_003,DIHCA2,H2O,3.51,5,0.67097,,2.0129,7.1e-05,H2O_232
G014.194-00.194_eb1_002,DIHCA2,NaCl,4.751,20,0.44488,,1.3346,4.7e-05,NaCl_v2_17-16
G014.194-00.194_eb1_002,DIHCA2,H2O,3.51,5,0.67097,,2.0129,7.1e-05,H2O_232
G014.194-00.194_eb1_001,DIHCA2,NaCl,4.751,20,0.29836,,0.8951,3.6e-05,NaCl_v0_18-17
G014.194-00.194_eb1_001,DIHCA2,H2O,3.51,5,0.33534,,1.006,4.1e-05,H2O_232
G013.276-00.334_001,DIHCA2,NaCl,3.251,4,2.49788,,7.4936,0.000256,NaCl_v2_17-16
G013.276-00.334_001,DIHCA2,H2O,2.513,1,2.93869,,8.8161,0.000303,H2O_232
G012.908-00.259_010,DIHCA2,H2O,4.417,3,0.49129,,1.4739,6.9e-05,H2O_232
G012.908-00.259_007,DIHCA2,H2O,1.633,1,15.97915,,47.9374,0.002326,H2O_232
G012.908-00.259_007,DIHCA2,NaCl,1.325,2,9.99023,,29.9707,0.001467,NaCl_v2_17-16
G012.908-00.259_006,DIHCA2,H2O,3.685,1,28.19088,,84.5726,0.004103,H2O_232
G012.908-00.259_006,DIHCA2,NaCl,2.111,1,28.10792,,84.3238,0.004085,NaCl_v1_18-17
G012.908-00.259_005,DIHCA2,NaCl,4.959,5,0.61168,,1.835,8.7e-05,NaCl_v2_17-16
G012.908-00.259_004,DIHCA2,NaCl,4.756,2,4.29431,,12.8829,0.000631,NaCl_v2_17-16
G012.908-00.259_003,DIHCA2,NaCl,2.842,3,15.05547,,45.1664,0.002292,NaCl_v0_18-17
G012.908-00.259_003,DIHCA2,H2O,2.648,1,16.44438,,49.3331,0.002393,H2O_232
G012.908-00.259_002,DIHCA2,NaCl,2.834,2,15.49504,,46.4851,0.002213,NaCl_v2_17-16
G012.908-00.259_001,DIHCA2,NaCl,2.201,2,5.60715,,16.8215,0.000788,NaCl_v1_18-17
G012.908-00.259_001,DIHCA2,H2O,1.832,1,5.61005,,16.8302,0.000789,H2O_232
G011.917-00.612_007,DIHCA2,NaCl,4.224,5,5.55569,,16.6671,0.000789,NaCl_v2_17-16
G011.917-00.612_007,DIHCA2,H2O,2.8,1,9.9885,,29.9655,0.001421,H2O_232
G011.917-00.612_006,DIHCA2,NaCl,3.032,1,8.27123,,24.8137,0.001178,NaCl_v2_17-16
G011.917-00.612_004,DIHCA2,H2O,2.984,1,11.83305,,35.4991,0.001691,H2O_232
G011.917-00.612_004,DIHCA2,NaCl,2.913,4,7.60293,,22.8088,0.001083,NaCl_v2_17-16
G011.917-00.612_001,DIHCA2,H2O,3.363,1,0.94391,,2.8317,0.000135,H2O_232
G011.917-00.612_001,DIHCA2,NaCl,2.781,1,0.95892,,2.8768,0.000137,NaCl_v1_18-17
G011.082-00.534_eb1_002,DIHCA2,NaCl,2.498,1,17.66928,,53.0078,0.003965,NaCl_v2_17-16
G010.404-00.201_eb1_002,DIHCA2,NaCl,2.335,2,27.14202,,81.4261,0.005719,NaCl_v1_18-17
G010.404-00.201_eb1_002,DIHCA2,H2O,1.902,1,27.40942,,82.2283,0.005784,H2O_232
G009.879-00.751_008,DIHCA2,NaCl,4.805,3,0.35034,,1.051,4e-05,NaCl_v2_17-16
G009.879-00.751_008,DIHCA2,H2O,2.568,1,0.47906,,1.4372,5.4e-05,H2O_232
G009.879-00.751_007,DIHCA2,NaCl,2.587,3,0.52174,,1.5652,5.9e-05,NaCl_v1_18-17
G009.879-00.751_007,DIHCA2,H2O,2.485,1,0.51989,,1.5597,5.9e-05,H2O_232
G009.879-00.751_006,DIHCA2,NaCl,4.805,4,0.35034,,1.051,4e-05,NaCl_v2_17-16
G009.879-00.751_006,DIHCA2,H2O,2.568,1,0.47906,,1.4372,5.4e-05,H2O_232
G009.879-00.751_005,DIHCA2,NaCl,2.813,4,0.22187,,0.6656,2.5e-05,NaCl_v1_18-17
G009.879-00.751_005,DIHCA2,H2O,1.367,1,0.22103,,0.6631,2.5e-05,H2O_232
G009.879-00.751_004,DIHCA2,H2O,2.947,2,0.47906,,1.4372,5.4e-05,H2O_232
G009.879-00.751_003,DIHCA2,NaCl,3.876,3,0.41167,,1.235,4.7e-05,NaCl_v2_17-16
G009.879-00.751_003,DIHCA2,H2O,1.872,1,0.96104,,2.8831,0.000109,H2O_232
G009.879-00.751_002,DIHCA2,NaCl,3.876,3,0.41167,,1.235,4.7e-05,NaCl_v2_17-16
G009.879-00.751_002,DIHCA2,H2O,1.872,1,0.96104,,2.8831,0.000109,H2O_232
G009.879-00.751_001,DIHCA2,NaCl,4.805,3,0.35034,,1.051,4e-05,NaCl_v2_17-16
G009.879-00.751_001,DIHCA2,H2O,2.568,1,0.47906,,1.4372,5.4e-05,H2O_232
G009.213-00.202_009,DIHCA2,NaCl,4.344,5,0.35031,,1.0509,4.5e-05,NaCl_v2_17-16
G009.213-00.202_009,DIHCA2,H2O,2.555,1,0.58344,,1.7503,7.6e-05,H2O_232
G009.213-00.202_008,DIHCA2,NaCl,2.921,4,1.48822,,4.4647,0.000192,NaCl_v1_18-17
G009.213-00.202_008,DIHCA2,H2O,2.802,1,1.48602,,4.4581,0.000192,H2O_232
G009.213-00.202_007,DIHCA2,NaCl,2.921,4,1.58805,,4.7642,0.000204,NaCl_v2_17-16
G009.213-00.202_007,DIHCA2,H2O,2.556,1,15.73117,,47.1935,0.002038,H2O_232
G009.213-00.202_006,DIHCA2,NaCl,3.701,4,0.35031,,1.0509,4.5e-05,NaCl_v2_17-16
G009.213-00.202_006,DIHCA2,H2O,2.38,1,0.70555,,2.1166,9.1e-05,H2O_232
G009.213-00.202_005,DIHCA2,NaCl,4.344,4,0.35031,,1.0509,4.5e-05,NaCl_v2_17-16
G009.213-00.202_005,DIHCA2,H2O,2.555,1,0.58344,,1.7503,7.6e-05,H2O_232
G009.213-00.202_004,DIHCA2,NaCl,4.344,4,0.35031,,1.0509,4.5e-05,NaCl_v2_17-16
G009.213-00.202_004,DIHCA2,H2O,2.555,1,0.58344,,1.7503,7.6e-05,H2O_232
G009.213-00.202_003,DIHCA2,NaCl,4.344,5,0.35031,,1.0509,4.5e-05,NaCl_v2_17-16
G009.213-00.202_003,DIHCA2,H2O,2.555,2,0.58344,,1.7503,7.6e-05,H2O_232
G009.213-00.202_002,DIHCA2,NaCl,4.344,4,0.35031,,1.0509,4.5e-05,NaCl_v2_17-16
G009.213-00.202_002,DIHCA2,H2O,2.555,1,0.58344,,1.7503,7.6e-05,H2O_232
G009.213-00.202_001,DIHCA2,NaCl,4.344,6,0.35031,,1.0509,4.5e-05,NaCl_v2_17-16
G009.213-00.202_001,DIHCA2,H2O,2.555,1,0.58344,,1.7503,7.6e-05,H2O_232
G008.872-00.492_002,DIHCA2,NaCl,2.71,2,1.74658,,5.2397,0.00017,NaCl_v1_17-16
G008.872-00.492_001,DIHCA2,NaCl,4.145,3,13.00583,,39.0175,0.001267,NaCl_v1_17-16
G008.672-00.682_002,DIHCA2,NaCl,4.338,2,15.94647,,47.8394,0.00157,NaCl_v1_18-17
G008.672-00.682_001,DIHCA2,NaCl,3.075,1,1.0687,,3.2061,0.000106,NaCl_v2_17-16
